Date,Brent_M1/M6,Gasoil_M1/M6
01/01/2016,-0.052839,-0.075405
04/01/2016,-0.077243,0.157129
05/01/2016,0.318126,0.160292
06/01/2016,0.321178,-0.001599
07/01/2016,-0.00547,-0.242391
08/01/2016,-0.219268,0.112486
11/01/2016,0.067215,-0.085168
12/01/2016,0.004436,-0.011906
13/01/2016,-0.151367,-0.010349
14/01/2016,0.294812,-0.06516
15/01/2016,0.14613,0.163775
18/01/2016,-0.260148,0.19351
19/01/2016,0.191858,0.087914
20/01/2016,-0.270655,0.022873
21/01/2016,-0.039209,-0.0833
22/01/2016,-0.147258,0.078896
25/01/2016,-0.110091,-0.184588
26/01/2016,0.018395,0.028433
27/01/2016,-0.0816,-0.005136
28/01/2016,-0.042732,0.214456
29/01/2016,0.245498,0.175803
01/02/2016,-0.078738,0.077702
02/02/2016,0.09174,-0.025844
03/02/2016,-0.287605,0.146083
04/02/2016,0.074382,0.097605
05/02/2016,0.121813,-0.128274
08/02/2016,0.012685,0.098895
09/02/2016,-0.103698,-0.092019
10/02/2016,0.208947,0.086924
11/02/2016,0.242515,-0.073766
12/02/2016,0.003193,0.120109
15/02/2016,0.293351,0.166633
16/02/2016,0.209222,-0.189196
17/02/2016,0.031549,0.014788
18/02/2016,0.065693,0.009677
19/02/2016,0.178843,-0.250028
22/02/2016,0.097731,0.30998
23/02/2016,-0.199216,0.07164
24/02/2016,-0.005058,-0.160405
25/02/2016,0.228427,0.094507
26/02/2016,-0.285648,0.111597
29/02/2016,0.037166,-0.0634
01/03/2016,-0.135997,-0.179874
02/03/2016,0.091622,0.099823
03/03/2016,0.140381,0.091794
04/03/2016,0.223676,0.115201
07/03/2016,0.296691,-0.11679
08/03/2016,0.223265,-0.069089
09/03/2016,-0.122327,-0.291037
10/03/2016,0.035193,0.008146
11/03/2016,0.120861,0.168829
14/03/2016,-0.089916,-0.082693
15/03/2016,-0.068018,0.07188
16/03/2016,-0.150699,-0.094265
17/03/2016,0.171949,-0.330613
18/03/2016,-0.254377,0.165566
21/03/2016,0.200401,0.175662
22/03/2016,-0.128049,0.037222
23/03/2016,0.469892,-0.263313
24/03/2016,-0.160785,0.241914
25/03/2016,0.0698,-0.020191
28/03/2016,0.178688,0.039885
29/03/2016,-0.276553,0.127795
30/03/2016,-0.127238,-0.218763
31/03/2016,0.040945,0.069636
01/04/2016,-0.071477,0.004296
04/04/2016,-0.077713,-0.03392
05/04/2016,-0.083434,0.148492
06/04/2016,0.013478,0.242898
07/04/2016,-0.11405,-0.10202
08/04/2016,0.270282,-0.184242
11/04/2016,0.342464,0.095628
12/04/2016,0.186591,0.078834
13/04/2016,0.152589,-0.01868
14/04/2016,0.026028,-0.076829
15/04/2016,-0.089178,0.185112
18/04/2016,0.011313,-0.09196
19/04/2016,0.207302,-0.224862
20/04/2016,0.155058,-0.089772
21/04/2016,-0.034624,0.300291
22/04/2016,0.159241,0.110137
25/04/2016,-0.097853,-0.048491
26/04/2016,0.290123,-0.073737
27/04/2016,0.272086,0.102662
28/04/2016,-0.183034,-0.058657
29/04/2016,0.204237,0.009395
02/05/2016,0.429897,0.136706
03/05/2016,-0.111162,0.202282
04/05/2016,-0.084902,-0.099807
05/05/2016,-0.168458,-0.004671
06/05/2016,0.019121,-0.366109
09/05/2016,-0.429695,0.015144
10/05/2016,-0.061578,-0.026675
11/05/2016,-0.311257,-0.145137
12/05/2016,-0.079954,0.07258
13/05/2016,-0.019842,-0.325822
16/05/2016,-0.094843,0.138457
17/05/2016,0.281331,-0.00546
18/05/2016,-0.356386,-0.301504
19/05/2016,-0.142918,0.147878
20/05/2016,-0.320182,0.023678
23/05/2016,0.008463,0.174469
24/05/2016,-0.223952,0.088045
25/05/2016,-0.090211,0.275299
26/05/2016,0.341379,0.062545
27/05/2016,-0.119929,0.018337
30/05/2016,-0.000188,-0.110995
31/05/2016,0.009056,-0.196453
01/06/2016,0.019236,-0.174913
02/06/2016,0.094825,-0.187046
03/06/2016,0.077613,0.179729
06/06/2016,-0.152951,-0.150137
07/06/2016,0.002792,-0.06649
08/06/2016,-0.115476,0.110521
09/06/2016,-0.312947,-0.040537
10/06/2016,0.065966,-0.34428
13/06/2016,0.05438,0.258047
14/06/2016,-0.049981,0.07025
15/06/2016,0.123489,-0.116328
16/06/2016,-0.483099,-0.030307
17/06/2016,0.218527,-0.029638
20/06/2016,-0.149721,-0.362379
21/06/2016,-0.259569,-0.141937
22/06/2016,-0.127453,0.073299
23/06/2016,-0.191074,-0.380109
24/06/2016,-0.055115,-0.137199
27/06/2016,0.072573,0.110823
28/06/2016,0.102876,0.304792
29/06/2016,-0.241026,-0.066403
30/06/2016,-0.105492,-0.087806
01/07/2016,0.287888,0.055438
04/07/2016,0.228315,0.013139
05/07/2016,-0.926498,0.206915
06/07/2016,0.267092,0.205949
07/07/2016,-0.220587,-0.213239
08/07/2016,0.019965,0.206546
11/07/2016,0.001315,-0.223576
12/07/2016,-0.138186,0.025777
13/07/2016,0.185759,-0.025087
14/07/2016,0.014762,-0.694575
15/07/2016,0.006772,0.070004
18/07/2016,0.190608,0.060799
19/07/2016,0.124804,0.004724
20/07/2016,0.314779,-0.190767
21/07/2016,-0.376731,0.316035
22/07/2016,0.058229,0.123174
25/07/2016,0.115038,0.340142
26/07/2016,0.016504,0.229002
27/07/2016,-0.016288,0.094455
28/07/2016,-0.051714,-0.101066
29/07/2016,-0.16673,-0.088395
01/08/2016,0.021113,-0.065541
02/08/2016,0.387237,0.177175
03/08/2016,-0.035741,0.049312
04/08/2016,0.186573,0.099946
05/08/2016,0.017352,0.028516
08/08/2016,-0.207488,0.048818
09/08/2016,0.210403,0.06885
10/08/2016,-0.100876,0.180807
11/08/2016,-0.145093,0.211106
12/08/2016,-0.154898,0.126244
15/08/2016,-0.219939,0.147313
16/08/2016,0.161568,0.057782
17/08/2016,-0.111914,-0.153137
18/08/2016,0.018658,0.113281
19/08/2016,0.04526,0.041545
22/08/2016,0.090323,0.012784
23/08/2016,-0.33443,0.04474
24/08/2016,0.227773,-0.092576
25/08/2016,0.255035,-0.017216
26/08/2016,-0.01408,0.154582
29/08/2016,0.240382,0.030488
30/08/2016,-0.202209,0.163301
31/08/2016,0.028719,0.070326
01/09/2016,-0.17944,0.065568
02/09/2016,0.188467,0.024966
05/09/2016,0.036842,0.065263
06/09/2016,0.111891,-0.09571
07/09/2016,0.139391,-0.130828
08/09/2016,-0.076284,-0.014031
09/09/2016,0.22044,-0.042104
12/09/2016,0.223622,0.138519
13/09/2016,-0.083107,-0.334941
14/09/2016,0.208853,-0.088275
15/09/2016,0.004269,-0.225206
16/09/2016,0.110214,-0.070496
19/09/2016,-0.299265,0.072724
20/09/2016,-0.015386,-0.010947
21/09/2016,0.203964,0.151829
22/09/2016,0.163189,-0.05204
23/09/2016,-0.961522,-0.096793
26/09/2016,0.218417,0.108171
27/09/2016,0.106191,-0.087313
28/09/2016,-0.089915,-0.08997
29/09/2016,-0.033294,0.015726
30/09/2016,-0.16109,-0.040689
03/10/2016,0.236892,-0.160605
04/10/2016,0.160264,0.122718
05/10/2016,-0.033465,0.360307
06/10/2016,-0.208401,-0.166354
07/10/2016,0.059179,-0.088084
10/10/2016,0.080116,0.313894
11/10/2016,0.104975,-0.130194
12/10/2016,-0.206751,0.031974
13/10/2016,-0.099156,0.072453
14/10/2016,-0.090341,-0.135434
17/10/2016,0.384314,-0.041174
18/10/2016,-0.200266,-0.031377
19/10/2016,0.099811,-0.046789
20/10/2016,-0.003448,-0.107303
21/10/2016,0.260072,0.106816
24/10/2016,0.080402,-0.146099
25/10/2016,0.251525,0.170998
26/10/2016,0.060357,-0.018107
27/10/2016,-0.098382,0.000389
28/10/2016,-0.243154,-0.241546
31/10/2016,0.139569,0.322057
01/11/2016,0.261428,-0.261758
02/11/2016,-0.200305,0.079443
03/11/2016,-0.033471,0.05342
04/11/2016,0.003829,-0.126131
07/11/2016,0.02606,-0.361982
08/11/2016,-0.34605,0.165735
09/11/2016,-0.276903,0.095515
10/11/2016,0.030301,-0.213132
11/11/2016,-0.075556,0.267435
14/11/2016,0.114248,0.262171
15/11/2016,0.139433,0.12275
16/11/2016,-0.20765,0.412629
17/11/2016,0.127759,-0.038425
18/11/2016,-0.04277,0.003281
21/11/2016,-0.05335,0.073547
22/11/2016,-0.11316,0.041194
23/11/2016,0.104372,-0.128196
24/11/2016,0.149242,-0.14217
25/11/2016,0.089992,0.037122
28/11/2016,0.176693,0.003754
29/11/2016,0.18233,0.152715
30/11/2016,-0.273823,0.264467
01/12/2016,0.124483,0.126054
02/12/2016,0.052337,0.148528
05/12/2016,-0.102874,0.162739
06/12/2016,-0.007654,-0.09002
07/12/2016,-0.161366,-0.110003
08/12/2016,-0.013037,-0.032118
09/12/2016,-0.077714,0.117113
12/12/2016,0.379206,-0.034249
13/12/2016,0.194605,0.207514
14/12/2016,-0.503103,-0.018816
15/12/2016,0.39072,-0.282227
16/12/2016,-0.118811,-0.306673
19/12/2016,0.028074,-0.003451
20/12/2016,0.033799,0.023015
21/12/2016,-0.659512,0.18446
22/12/2016,0.020548,-0.324059
23/12/2016,0.019005,0.112518
26/12/2016,0.111247,0.099913
27/12/2016,-0.087247,-0.008059
28/12/2016,-0.126048,-0.066061
29/12/2016,0.011716,0.070143
30/12/2016,-0.248558,-0.219152
02/01/2017,0.094407,-0.053089
03/01/2017,0.012202,0.380955
04/01/2017,-0.014915,-0.007079
05/01/2017,0.025421,-0.004684
06/01/2017,0.222818,-0.167594
09/01/2017,-0.176218,0.003583
10/01/2017,0.022214,0.283913
11/01/2017,0.141854,-0.017981
12/01/2017,-0.341586,-0.090243
13/01/2017,0.150895,0.005565
16/01/2017,-0.038129,0.052433
17/01/2017,0.056839,0.185609
18/01/2017,0.213958,-0.004252
19/01/2017,0.119933,-0.191704
20/01/2017,0.128083,-0.19138
23/01/2017,-0.134971,0.277999
24/01/2017,0.015231,0.261699
25/01/2017,-0.07678,-0.144702
26/01/2017,0.013139,0.348307
27/01/2017,0.057843,-0.092899
30/01/2017,-0.020164,0.009495
31/01/2017,0.311492,-0.108504
01/02/2017,-0.03847,0.099494
02/02/2017,-0.113975,-0.297728
03/02/2017,0.034477,0.26669
06/02/2017,0.082486,0.109439
07/02/2017,0.017173,0.243409
08/02/2017,-0.150952,-0.24154
09/02/2017,0.345449,0.085877
10/02/2017,-0.007734,0.207694
13/02/2017,0.021646,-0.275934
14/02/2017,0.150151,0.214772
15/02/2017,-0.141367,0.038913
16/02/2017,0.120167,-0.215895
17/02/2017,-0.26776,0.143063
20/02/2017,-0.327,0.11374
21/02/2017,0.049369,0.159943
22/02/2017,-0.115394,0.21967
23/02/2017,0.086015,0.572698
24/02/2017,-0.074556,-0.118797
27/02/2017,0.126857,0.440576
28/02/2017,0.217082,-0.054401
01/03/2017,-0.203364,0.212781
02/03/2017,0.306112,0.123966
03/03/2017,-0.141712,-0.100129
06/03/2017,0.174098,-0.125142
07/03/2017,-0.108209,-0.107597
08/03/2017,0.214619,0.153549
09/03/2017,0.047514,0.416238
10/03/2017,0.256537,0.187865
13/03/2017,-0.086627,-0.066242
14/03/2017,0.302809,0.205706
15/03/2017,0.016226,0.287857
16/03/2017,0.062717,-0.112154
17/03/2017,-0.036681,0.024024
20/03/2017,-0.043309,-0.200602
21/03/2017,-0.099341,-0.034929
22/03/2017,0.170606,0.194694
23/03/2017,-0.217607,-0.065537
24/03/2017,0.167575,-0.053754
27/03/2017,-0.284442,0.191602
28/03/2017,0.034656,0.013267
29/03/2017,0.135285,0.240002
30/03/2017,0.275065,-0.807326
31/03/2017,-0.015358,0.145309
03/04/2017,0.094548,0.129017
04/04/2017,-0.024788,-0.108716
05/04/2017,0.083797,-0.102744
06/04/2017,-0.21924,-0.211419
07/04/2017,-0.083585,0.086108
10/04/2017,0.403829,-0.111624
11/04/2017,-0.092353,0.073354
12/04/2017,-0.063351,-0.168956
13/04/2017,0.160027,-0.004196
14/04/2017,-0.17288,0.001992
17/04/2017,0.149006,0.185385
18/04/2017,-0.076232,-0.00719
19/04/2017,0.063812,0.148092
20/04/2017,-0.025413,-0.179406
21/04/2017,0.233808,-0.155706
24/04/2017,0.293699,0.519188
25/04/2017,0.294778,-0.085104
26/04/2017,-0.076162,0.120733
27/04/2017,0.109414,-0.205519
28/04/2017,0.14683,0.089524
01/05/2017,0.040194,0.03838
02/05/2017,0.004764,-0.07711
03/05/2017,0.194633,0.070544
04/05/2017,0.192272,-0.103364
05/05/2017,0.046875,0.128303
08/05/2017,-0.032506,0.14606
09/05/2017,0.050181,-0.22727
10/05/2017,0.114713,-0.039902
11/05/2017,0.371525,-0.06089
12/05/2017,0.027665,0.005309
15/05/2017,-0.280129,0.053276
16/05/2017,-0.084609,0.182618
17/05/2017,-0.028127,0.147755
18/05/2017,0.090194,0.344007
19/05/2017,-0.010591,-0.103968
22/05/2017,-0.095504,-0.021048
23/05/2017,0.264347,0.187107
24/05/2017,-0.149549,-0.152369
25/05/2017,0.028395,0.244263
26/05/2017,-0.146482,-0.129284
29/05/2017,-0.032897,-0.040756
30/05/2017,0.148288,-0.156575
31/05/2017,-0.175201,0.243073
01/06/2017,0.024512,-0.116776
02/06/2017,0.130235,0.090293
05/06/2017,-0.115419,0.071529
06/06/2017,-0.008052,0.337764
07/06/2017,-0.069881,0.069221
08/06/2017,0.004476,-0.07104
09/06/2017,0.01485,0.017668
12/06/2017,-0.198022,-0.055999
13/06/2017,0.03895,-0.211037
14/06/2017,-0.215011,-0.031631
15/06/2017,-0.109065,-0.297817
16/06/2017,-0.032758,-0.017843
19/06/2017,-0.213822,-0.091871
20/06/2017,0.209265,-0.070291
21/06/2017,-0.090483,0.038942
22/06/2017,-0.089301,0.060148
23/06/2017,0.108206,0.066256
26/06/2017,-0.045917,0.193625
27/06/2017,-0.164366,-0.205391
28/06/2017,0.031568,-0.049353
29/06/2017,0.054543,-0.132408
30/06/2017,0.108091,0.189666
03/07/2017,-0.380574,-0.16902
04/07/2017,-0.332737,0.069044
05/07/2017,0.317497,0.117852
06/07/2017,-0.295261,-0.262923
07/07/2017,0.106738,-0.013847
10/07/2017,-0.274715,0.282111
11/07/2017,0.181659,-0.254559
12/07/2017,0.123002,0.009231
13/07/2017,0.052095,0.135772
14/07/2017,0.069862,-0.09009
17/07/2017,0.003817,0.092624
18/07/2017,0.328368,0.283643
19/07/2017,0.051677,-0.041277
20/07/2017,-0.133872,0.285931
21/07/2017,0.001986,0.102169
24/07/2017,0.120333,-0.289965
25/07/2017,-0.037283,0.174651
26/07/2017,-0.272046,0.079924
27/07/2017,0.040711,-0.238898
28/07/2017,0.012742,0.023
31/07/2017,0.147204,-0.007269
01/08/2017,-0.024592,0.101317
02/08/2017,0.013023,0.028073
03/08/2017,-0.240148,0.016216
04/08/2017,0.911477,-0.185037
07/08/2017,-0.166209,-0.031603
08/08/2017,-0.310602,-0.124563
09/08/2017,-0.139376,0.176529
10/08/2017,-0.646999,-0.130984
11/08/2017,0.006792,-0.245297
14/08/2017,-0.152069,-0.091808
15/08/2017,0.210824,0.140359
16/08/2017,0.157528,0.050014
17/08/2017,0.124794,-0.037724
18/08/2017,-0.167896,-0.093538
21/08/2017,-0.185979,0.313402
22/08/2017,0.068514,-0.003855
23/08/2017,0.091832,0.020124
24/08/2017,-0.120936,0.030986
25/08/2017,-0.26468,0.149748
28/08/2017,-0.088608,-0.315214
29/08/2017,0.054623,0.048467
30/08/2017,0.229699,-0.161891
31/08/2017,-0.019899,0.082705
01/09/2017,0.333462,-0.097067
04/09/2017,-0.015517,0.05662
05/09/2017,0.083215,-0.241171
06/09/2017,0.097176,-0.123127
07/09/2017,-0.018086,0.098549
08/09/2017,0.009088,0.061144
11/09/2017,-0.26194,-0.0261
12/09/2017,0.066309,-0.289002
13/09/2017,-0.018014,-0.015409
14/09/2017,-0.035325,0.198916
15/09/2017,0.125457,0.007884
18/09/2017,0.303432,0.014786
19/09/2017,0.10481,-0.085881
20/09/2017,0.046849,0.082569
21/09/2017,0.197544,-0.134362
22/09/2017,-0.008316,0.000903
25/09/2017,0.096178,-0.546267
26/09/2017,0.014653,0.060076
27/09/2017,-0.046473,0.127855
28/09/2017,-0.347354,-0.036895
29/09/2017,-0.049457,0.115013
02/10/2017,-0.296017,-0.192853
03/10/2017,0.428521,0.100403
04/10/2017,0.108787,-0.054037
05/10/2017,-0.032907,0.083565
06/10/2017,0.012886,0.303308
09/10/2017,0.12682,-0.074004
10/10/2017,-0.065813,-0.085314
11/10/2017,0.255096,0.202932
12/10/2017,-0.21938,-0.117092
13/10/2017,0.003675,0.340852
16/10/2017,-0.04835,-0.003506
17/10/2017,0.114362,-0.046757
18/10/2017,-0.166884,-0.046146
19/10/2017,0.004682,0.035849
20/10/2017,-0.403089,0.397029
23/10/2017,-0.121926,-0.08007
24/10/2017,0.07958,0.077233
25/10/2017,0.127681,-0.301872
26/10/2017,-0.0803,-0.175901
27/10/2017,-0.132783,-0.312353
30/10/2017,0.11246,0.010429
31/10/2017,-0.085183,0.240715
01/11/2017,0.038836,-0.191942
02/11/2017,0.136485,0.014887
03/11/2017,-0.131468,0.017412
06/11/2017,0.065599,-0.003478
07/11/2017,-0.302728,-0.143884
08/11/2017,-0.052594,-0.188048
09/11/2017,-0.011715,-0.101156
10/11/2017,-0.142454,0.17421
13/11/2017,0.130188,-0.084874
14/11/2017,-0.148695,-0.083617
15/11/2017,-0.012684,-0.062454
16/11/2017,-0.163866,0.217071
17/11/2017,-0.1285,0.092432
20/11/2017,-0.303181,-0.21835
21/11/2017,-0.196892,-0.030053
22/11/2017,0.088817,0.247252
23/11/2017,-0.029866,0.014303
24/11/2017,-0.246113,0.149378
27/11/2017,-0.016856,-0.095966
28/11/2017,0.184235,0.074899
29/11/2017,0.13073,-0.14184
30/11/2017,0.072404,-0.057613
01/12/2017,0.158174,-0.049333
04/12/2017,-0.171419,0.018745
05/12/2017,-0.203381,0.232176
06/12/2017,0.141131,-0.784718
07/12/2017,-0.090311,0.065598
08/12/2017,-0.144912,-0.066491
11/12/2017,-0.264976,0.013684
12/12/2017,0.0762,0.017221
13/12/2017,-0.274346,0.086061
14/12/2017,-0.217671,-0.155214
15/12/2017,0.01954,-0.151049
18/12/2017,0.023247,0.171029
19/12/2017,0.005184,0.177217
20/12/2017,0.190536,0.004669
21/12/2017,-0.080769,0.020668
22/12/2017,0.322582,0.045784
25/12/2017,-0.219547,-0.099149
26/12/2017,-0.057378,0.065186
27/12/2017,-0.030055,-0.07802
28/12/2017,0.229608,-0.175823
29/12/2017,-0.258663,0.287934
01/01/2018,-0.248607,0.008951
02/01/2018,-0.037827,0.017554
03/01/2018,-0.043157,-0.071034
04/01/2018,-0.118326,-0.103191
05/01/2018,-0.056281,-0.122522
08/01/2018,0.100712,-0.020787
09/01/2018,0.123858,-0.216763
10/01/2018,-0.091596,0.194165
11/01/2018,0.064267,0.086605
12/01/2018,0.083455,0.157222
15/01/2018,0.015952,0.157169
16/01/2018,-0.050423,-0.000504
17/01/2018,-0.110744,-0.238137
18/01/2018,-0.185953,0.006203
19/01/2018,-0.191785,0.10782
22/01/2018,0.023066,0.137993
23/01/2018,-0.083839,-0.069765
24/01/2018,0.095994,-0.055393
25/01/2018,0.103153,-0.010487
26/01/2018,-0.152747,-0.056864
29/01/2018,-0.167875,-0.209188
30/01/2018,0.10627,0.254253
31/01/2018,-0.06654,-0.188689
01/02/2018,-0.420115,-0.000546
02/02/2018,0.043386,0.114011
05/02/2018,-0.439407,0.01544
06/02/2018,0.004925,-0.074035
07/02/2018,-0.054566,-0.1673
08/02/2018,0.019862,0.040742
09/02/2018,0.34278,-0.00242
12/02/2018,-0.222182,0.191555
13/02/2018,0.266315,-0.145239
14/02/2018,-0.244965,-0.017644
15/02/2018,0.194649,-0.048139
16/02/2018,0.286479,-0.057529
19/02/2018,-0.028305,0.064488
20/02/2018,-0.118504,0.097588
21/02/2018,-0.104091,-0.071952
22/02/2018,0.133876,0.134684
23/02/2018,0.009722,-0.234546
26/02/2018,0.162179,0.063342
27/02/2018,0.277306,-0.079161
28/02/2018,0.140261,0.140948
01/03/2018,0.249087,-0.083106
02/03/2018,0.227324,-0.080624
05/03/2018,-0.306945,0.134303
06/03/2018,0.176475,-0.292628
07/03/2018,-0.150948,0.008588
08/03/2018,0.199146,-0.322864
09/03/2018,-0.145777,-0.18765
12/03/2018,0.196248,0.010517
13/03/2018,-0.370633,0.123162
14/03/2018,-0.200274,0.051997
15/03/2018,-0.06251,0.148266
16/03/2018,0.105441,0.038379
19/03/2018,0.129638,0.084602
20/03/2018,0.397752,-0.221158
21/03/2018,-0.254502,-0.158802
22/03/2018,-0.072402,-0.036509
23/03/2018,0.284537,-0.012282
26/03/2018,0.110637,0.124277
27/03/2018,-0.081476,0.153099
28/03/2018,-0.310151,0.014849
29/03/2018,0.344398,0.055586
30/03/2018,-0.22277,-0.008263
02/04/2018,0.55508,-0.041357
03/04/2018,-0.05911,-0.122167
04/04/2018,-0.006496,0.161589
05/04/2018,0.107277,-0.290455
06/04/2018,-0.127027,0.224619
09/04/2018,-0.210486,-0.10379
10/04/2018,0.247956,-0.337225
11/04/2018,-0.140902,0.087229
12/04/2018,0.054845,-0.076371
13/04/2018,-0.311058,0.054121
16/04/2018,0.056197,0.06578
17/04/2018,-0.556959,0.043785
18/04/2018,0.070773,-0.054017
19/04/2018,-0.053197,0.137385
20/04/2018,0.181437,0.222719
23/04/2018,0.216784,0.076364
24/04/2018,0.760782,0.218287
25/04/2018,-1.177683,-0.024039
26/04/2018,0.279611,0.220821
27/04/2018,-0.086016,0.042182
30/04/2018,-0.096068,-0.04485
01/05/2018,0.041068,0.046038
02/05/2018,0.042904,-0.026729
03/05/2018,-0.126655,0.022854
04/05/2018,0.180775,0.017549
07/05/2018,0.020076,0.152897
08/05/2018,0.145025,0.055259
09/05/2018,-0.071415,-0.116109
10/05/2018,0.078854,0.056302
11/05/2018,0.071986,-0.260598
14/05/2018,-0.051694,0.183531
15/05/2018,-0.05071,0.254684
16/05/2018,-0.356803,0.077815
17/05/2018,0.008147,-0.170502
18/05/2018,-0.013843,-0.062871
21/05/2018,-0.189022,0.271984
22/05/2018,0.1017,-0.131498
23/05/2018,-0.185682,-0.100207
24/05/2018,0.533072,-0.13737
25/05/2018,-0.072147,-0.15709
28/05/2018,0.242021,0.033136
29/05/2018,0.174613,0.052389
30/05/2018,0.080685,0.363068
31/05/2018,-0.148256,-0.032918
01/06/2018,-0.234667,-0.07771
04/06/2018,-0.18271,-0.07835
05/06/2018,0.18041,0.041641
06/06/2018,-0.067037,-0.326709
07/06/2018,0.222034,0.116667
08/06/2018,-0.007479,-0.045222
11/06/2018,0.09886,0.090658
12/06/2018,-0.065987,-0.037174
13/06/2018,-0.157068,0.104963
14/06/2018,-0.135764,0.016809
15/06/2018,-0.023763,-0.140993
18/06/2018,0.037896,0.233452
19/06/2018,0.020701,0.082884
20/06/2018,-0.034951,-0.088184
21/06/2018,0.044547,0.149649
22/06/2018,-0.157984,-0.304431
25/06/2018,-0.221308,-0.145671
26/06/2018,-0.026731,0.010423
27/06/2018,0.15245,-0.137178
28/06/2018,-0.260839,0.085968
29/06/2018,0.115732,0.246476
02/07/2018,0.126293,-0.099014
03/07/2018,0.003394,0.049862
04/07/2018,0.154153,-0.22184
05/07/2018,-0.132031,-0.113008
06/07/2018,0.241956,-0.120492
09/07/2018,-0.361247,0.073069
10/07/2018,0.216972,0.061085
11/07/2018,-0.051215,-0.159115
12/07/2018,-0.193263,0.004688
13/07/2018,-0.123266,-0.000372
16/07/2018,-0.011897,-0.153091
17/07/2018,-0.164653,-0.173685
18/07/2018,0.143039,-0.057374
19/07/2018,-0.164296,-0.146669
20/07/2018,-0.057744,0.225908
23/07/2018,-0.088418,-0.12429
24/07/2018,-0.635465,-0.087315
25/07/2018,0.184073,0.262206
26/07/2018,-0.111082,-0.089082
27/07/2018,-0.188968,-0.193879
30/07/2018,-0.049822,-0.112513
31/07/2018,-0.009302,-0.351421
01/08/2018,0.534664,-0.021016
02/08/2018,-0.124491,0.108336
03/08/2018,0.030778,-0.047604
06/08/2018,-0.017426,0.110607
07/08/2018,0.151553,0.03492
08/08/2018,-0.277776,-0.012684
09/08/2018,-0.018487,0.171045
10/08/2018,-0.296049,-0.029981
13/08/2018,-0.093715,-0.085941
14/08/2018,-0.014844,0.072543
15/08/2018,0.087739,0.123705
16/08/2018,0.047486,-0.0501
17/08/2018,0.113631,-0.156968
20/08/2018,0.057525,0.087605
21/08/2018,-0.114883,-0.10302
22/08/2018,-0.029028,-0.074564
23/08/2018,0.227948,-0.20182
24/08/2018,0.138627,0.132636
27/08/2018,0.277124,0.245216
28/08/2018,0.110545,-0.186185
29/08/2018,-0.180891,0.042161
30/08/2018,0.203424,0.123744
31/08/2018,0.12538,0.151116
03/09/2018,0.074977,0.090394
04/09/2018,-0.256428,-0.089317
05/09/2018,-0.061518,-0.116235
06/09/2018,-0.28712,-0.172763
07/09/2018,-0.093109,0.171442
10/09/2018,-0.156233,-0.101053
11/09/2018,-0.080977,-0.046808
12/09/2018,0.098569,0.216634
13/09/2018,0.00619,-0.170498
14/09/2018,-0.120541,0.186019
17/09/2018,0.07602,-0.242883
18/09/2018,-0.284307,0.000129
19/09/2018,0.145695,-0.003656
20/09/2018,0.3082,-0.139754
21/09/2018,0.240485,-0.015023
24/09/2018,0.005154,0.174697
25/09/2018,-0.033032,0.131656
26/09/2018,-0.206233,-0.143047
27/09/2018,0.289663,0.158599
28/09/2018,0.162026,0.086589
01/10/2018,0.288364,-0.07725
02/10/2018,0.116116,-0.286095
03/10/2018,0.007273,0.235658
04/10/2018,0.017338,-0.133314
05/10/2018,0.121757,0.054084
08/10/2018,-0.316196,-0.113772
09/10/2018,0.557078,-0.644109
10/10/2018,-0.157261,0.030047
11/10/2018,0.187631,-0.065901
12/10/2018,0.119754,0.454401
15/10/2018,0.131582,-0.125058
16/10/2018,-0.200646,-0.05107
17/10/2018,-0.183917,0.161539
18/10/2018,-0.232291,0.037501
19/10/2018,-0.178073,0.062498
22/10/2018,0.156763,0.066995
23/10/2018,0.408887,-0.094509
24/10/2018,-0.091948,-0.060678
25/10/2018,0.017205,0.494375
26/10/2018,0.011904,0.01953
29/10/2018,0.252103,0.094041
30/10/2018,-0.233122,-0.084089
31/10/2018,0.357601,0.111517
01/11/2018,-0.09488,-0.067051
02/11/2018,0.019037,-0.113166
05/11/2018,-0.04112,-0.174351
06/11/2018,-0.188928,-0.078643
07/11/2018,0.108877,-0.104794
08/11/2018,-0.304818,-0.055943
09/11/2018,0.06846,-0.029335
12/11/2018,-0.171723,-0.24264
13/11/2018,-0.126626,0.050799
14/11/2018,0.337691,0.02561
15/11/2018,-0.107772,0.075689
16/11/2018,0.033602,-0.004431
19/11/2018,0.083854,0.019652
20/11/2018,0.170163,0.439892
21/11/2018,-0.112991,0.043526
22/11/2018,-0.271971,0.024787
23/11/2018,-0.16746,0.206384
26/11/2018,0.081359,-0.269854
27/11/2018,-0.117382,0.04964
28/11/2018,0.178066,0.0032
29/11/2018,0.211274,-0.37117
30/11/2018,-0.061399,0.022694
03/12/2018,-0.109726,0.228953
04/12/2018,-0.078634,0.000883
05/12/2018,-0.132526,-0.03771
06/12/2018,-0.024837,0.033243
07/12/2018,-0.298793,-0.12744
10/12/2018,-0.233258,0.088371
11/12/2018,-0.166419,-0.267711
12/12/2018,0.059659,0.119646
13/12/2018,-0.032953,0.106226
14/12/2018,-0.071673,-0.081871
17/12/2018,0.2459,0.066752
18/12/2018,-0.156134,0.191118
19/12/2018,0.188533,0.064983
20/12/2018,-0.117581,-0.04828
21/12/2018,-0.014697,-0.033439
24/12/2018,-0.175478,0.073712
25/12/2018,0.143418,-0.026634
26/12/2018,-0.107679,-0.108758
27/12/2018,0.28469,-0.084864
28/12/2018,-0.02676,0.080273
31/12/2018,0.257606,0.003817
01/01/2019,-0.083907,0.08767
02/01/2019,-0.348115,-0.064174
03/01/2019,0.206065,-0.228155
04/01/2019,-0.105434,-0.158328
07/01/2019,0.029661,-0.339163
08/01/2019,-0.083687,-0.079552
09/01/2019,-0.070331,0.198421
10/01/2019,-0.026354,-0.011389
11/01/2019,0.112061,0.166543
14/01/2019,-0.02016,-0.181708
15/01/2019,-0.006733,-0.147693
16/01/2019,-0.043572,-0.118418
17/01/2019,0.149399,-0.053234
18/01/2019,-0.20996,0.080269
21/01/2019,-0.023059,-0.206614
22/01/2019,0.059361,-0.487247
23/01/2019,-0.207208,-0.109019
24/01/2019,0.004599,-0.177261
25/01/2019,-0.08427,-0.134369
28/01/2019,-0.003728,-0.285098
29/01/2019,-0.405748,0.105586
30/01/2019,-0.097397,-0.1164
31/01/2019,-0.09429,-0.064397
01/02/2019,-0.091955,-0.091809
04/02/2019,0.038834,0.180517
05/02/2019,-0.159537,-0.1168
06/02/2019,0.155606,0.056919
07/02/2019,-0.077175,0.12398
08/02/2019,0.104379,0.057684
11/02/2019,0.086059,0.249366
12/02/2019,0.009168,0.069826
13/02/2019,-0.14625,0.061249
14/02/2019,0.109901,0.018743
15/02/2019,0.319755,0.21271
18/02/2019,-0.010523,0.084933
19/02/2019,-0.158533,0.122757
20/02/2019,-0.383596,0.081082
21/02/2019,0.190244,-0.062832
22/02/2019,-0.073053,-0.088678
25/02/2019,-0.049267,0.094424
26/02/2019,0.133229,-0.345525
27/02/2019,-0.102801,0.017091
28/02/2019,-0.038896,0.066409
01/03/2019,0.014459,0.055017
04/03/2019,-0.107205,0.022783
05/03/2019,0.170036,-0.336249
06/03/2019,0.046229,-0.110903
07/03/2019,-0.31074,0.181462
08/03/2019,-0.091859,-0.075453
11/03/2019,0.07755,-0.044998
12/03/2019,0.075893,-0.095751
13/03/2019,-0.007589,0.04985
14/03/2019,-0.036817,0.026816
15/03/2019,-0.194509,0.067001
18/03/2019,-0.136887,-0.013306
19/03/2019,-0.125918,0.160573
20/03/2019,-0.02092,0.124914
21/03/2019,0.014479,0.109945
22/03/2019,-0.416903,0.160087
25/03/2019,-0.032843,-0.046082
26/03/2019,0.056675,0.187578
27/03/2019,0.077782,-0.097486
28/03/2019,0.095001,0.074779
29/03/2019,-0.221394,0.104338
01/04/2019,0.093876,-0.010156
02/04/2019,-0.11025,-0.203573
03/04/2019,0.185187,0.156642
04/04/2019,-0.065143,-0.072036
05/04/2019,0.187174,0.080009
08/04/2019,0.188599,0.172937
09/04/2019,-0.230951,-0.034012
10/04/2019,0.237848,0.03652
11/04/2019,0.161654,0.082067
12/04/2019,0.920501,0.046305
15/04/2019,-0.347075,-0.021143
16/04/2019,-0.270423,-0.250055
17/04/2019,0.054247,-0.04074
18/04/2019,0.168871,-0.07175
19/04/2019,0.116477,-0.052751
22/04/2019,0.239302,0.003711
23/04/2019,-0.2461,-0.22183
24/04/2019,0.169926,0.011045
25/04/2019,0.110403,0.401427
26/04/2019,-0.04308,-0.022321
29/04/2019,-0.141284,-0.049938
30/04/2019,-0.269754,0.015284
01/05/2019,-0.048362,0.091907
02/05/2019,0.085774,-0.233168
03/05/2019,-0.054653,-0.19684
06/05/2019,0.231768,0.234965
07/05/2019,0.190208,-0.161759
08/05/2019,0.261311,0.079204
09/05/2019,0.315131,0.356206
10/05/2019,0.149014,0.540432
13/05/2019,-0.205378,-0.355264
14/05/2019,0.494121,-0.127982
15/05/2019,0.09277,0.049905
16/05/2019,-0.030965,-0.323765
17/05/2019,0.137393,-0.037653
20/05/2019,0.084788,0.109435
21/05/2019,-0.18545,-0.170832
22/05/2019,-0.076833,-0.08364
23/05/2019,-0.014357,-0.214903
24/05/2019,0.066979,-0.059767
27/05/2019,0.006895,-0.085729
28/05/2019,-0.125522,-0.101864
29/05/2019,-0.057015,-0.106981
30/05/2019,0.308661,-0.115149
31/05/2019,-0.040447,-0.401925
03/06/2019,-0.010987,0.089935
04/06/2019,-0.038398,-0.20025
05/06/2019,0.147887,-0.021128
06/06/2019,-0.034909,0.060409
07/06/2019,-0.159677,-0.007096
10/06/2019,-0.088151,-0.173023
11/06/2019,-0.065034,-0.16495
12/06/2019,0.037547,0.274493
13/06/2019,0.152057,-0.435795
14/06/2019,0.162571,-0.179164
17/06/2019,-0.226584,-0.136983
18/06/2019,-0.175208,0.139799
19/06/2019,-0.066003,-0.147899
20/06/2019,-0.034122,0.236665
21/06/2019,-0.173635,-0.036748
24/06/2019,-0.153229,0.047496
25/06/2019,-0.172647,0.058524
26/06/2019,0.143325,-0.143582
27/06/2019,-0.143013,0.18223
28/06/2019,-0.178289,-0.188098
01/07/2019,-0.1463,-0.007985
02/07/2019,-0.001956,0.196735
03/07/2019,-0.168352,0.106196
04/07/2019,0.043788,-0.165539
05/07/2019,0.153212,0.120766
08/07/2019,-0.004453,0.008904
09/07/2019,0.017517,-0.003646
10/07/2019,0.031711,0.050864
11/07/2019,-0.119205,0.221345
12/07/2019,0.203803,0.231334
15/07/2019,0.080822,0.233494
16/07/2019,0.196469,-0.168143
17/07/2019,-0.015221,-0.27857
18/07/2019,-0.304587,0.234212
19/07/2019,-0.084369,0.076154
22/07/2019,-0.134697,-0.047404
23/07/2019,0.025927,-0.166473
24/07/2019,0.287932,0.131405
25/07/2019,0.089004,-0.084011
26/07/2019,-0.090031,0.07413
29/07/2019,0.062049,-0.275395
30/07/2019,-0.043705,0.111299
31/07/2019,-0.138718,0.073168
01/08/2019,0.087512,-0.497975
02/08/2019,-0.001414,0.0805
05/08/2019,0.100741,-0.002335
06/08/2019,-0.090127,-0.148033
07/08/2019,0.081763,0.03383
08/08/2019,0.035778,-0.157497
09/08/2019,-0.193805,0.071892
12/08/2019,-0.038903,0.12182
13/08/2019,0.015984,-0.074967
14/08/2019,-0.172174,-0.045683
15/08/2019,0.10559,0.215711
16/08/2019,-0.086734,-0.049549
19/08/2019,-0.07951,0.170864
20/08/2019,0.183044,-0.176529
21/08/2019,-0.275493,-0.000503
22/08/2019,0.116406,0.072919
23/08/2019,0.155756,-0.397607
26/08/2019,-0.210918,-0.027315
27/08/2019,0.218635,-0.18756
28/08/2019,0.051134,-0.130278
29/08/2019,0.173695,-0.154137
30/08/2019,-0.023588,0.047421
02/09/2019,-0.426316,-0.162754
03/09/2019,-0.005972,0.036459
04/09/2019,0.066132,0.02779
05/09/2019,0.074546,0.02619
06/09/2019,0.034829,-0.292396
09/09/2019,0.320591,0.022509
10/09/2019,-0.194669,0.153313
11/09/2019,0.138499,0.203574
12/09/2019,0.229589,0.087198
13/09/2019,0.10216,0.143289
16/09/2019,0.008045,0.249457
17/09/2019,0.173172,0.13062
18/09/2019,-0.261539,0.029858
19/09/2019,0.190193,0.232499
20/09/2019,-0.16557,0.206762
23/09/2019,-0.057966,-0.279672
24/09/2019,-0.146703,0.500052
25/09/2019,0.172726,0.02995
26/09/2019,-0.148398,-0.086859
27/09/2019,0.127133,0.028357
30/09/2019,-0.100739,0.154478
01/10/2019,0.129213,-0.104218
02/10/2019,0.409568,0.292946
03/10/2019,-0.082085,0.21646
04/10/2019,0.446065,0.027004
07/10/2019,-0.035458,-0.028147
08/10/2019,-0.071487,0.345347
09/10/2019,-0.095218,-0.351019
10/10/2019,-0.211399,0.148405
11/10/2019,0.269216,-0.03027
14/10/2019,-0.108271,-0.004389
15/10/2019,0.123309,0.217882
16/10/2019,-0.033198,-0.025419
17/10/2019,0.189427,0.131308
18/10/2019,-0.14518,0.124428
21/10/2019,0.334363,-0.310636
22/10/2019,-0.153104,0.177711
23/10/2019,0.213885,0.214694
24/10/2019,0.254764,-0.145746
25/10/2019,-0.04432,-0.15535
28/10/2019,0.071616,-0.025656
29/10/2019,-0.155083,0.0999
30/10/2019,0.118798,-0.06462
31/10/2019,0.060078,0.18467
01/11/2019,-0.03359,0.012864
04/11/2019,0.103209,0.129282
05/11/2019,-0.149789,-0.191214
06/11/2019,0.033753,-0.164903
07/11/2019,-0.185284,0.19514
08/11/2019,-0.136469,0.197304
11/11/2019,-0.091068,-0.042587
12/11/2019,0.168659,-0.104403
13/11/2019,-0.061185,0.029028
14/11/2019,0.207248,-0.006151
15/11/2019,0.043318,0.049351
18/11/2019,0.116128,0.048158
19/11/2019,0.336677,-0.024037
20/11/2019,-0.233298,-0.02957
21/11/2019,0.070107,-0.226503
22/11/2019,0.088579,-0.206426
25/11/2019,0.010488,0.230198
26/11/2019,-0.095124,-0.036794
27/11/2019,0.006709,0.003505
28/11/2019,-0.103559,-0.117986
29/11/2019,-0.066621,0.228426
02/12/2019,-0.045356,-0.032313
03/12/2019,-0.141716,-0.167673
04/12/2019,-0.175201,0.193852
05/12/2019,0.079937,-0.290989
06/12/2019,0.051052,0.034784
09/12/2019,-0.167385,0.00399
10/12/2019,-0.067955,-0.831181
11/12/2019,-0.156493,0.311299
12/12/2019,-0.115995,0.041197
13/12/2019,0.109413,0.017941
16/12/2019,0.137311,0.159672
17/12/2019,0.063275,0.080455
18/12/2019,-0.201838,0.019743
19/12/2019,-0.049105,0.069722
20/12/2019,0.094839,-0.062356
23/12/2019,0.091457,0.230332
24/12/2019,0.073096,-0.019552
25/12/2019,-0.120903,-0.025004
26/12/2019,-0.05503,0.136438
27/12/2019,-0.048562,-0.016713
30/12/2019,-0.167442,-0.305717
31/12/2019,0.097282,0.274437
01/01/2020,-0.09415,0.219918
02/01/2020,0.18153,-0.09025
03/01/2020,-0.017581,0.127318
06/01/2020,-0.133297,0.110083
07/01/2020,-0.021903,-0.065727
08/01/2020,0.495175,-0.323385
09/01/2020,-0.228909,-0.096009
10/01/2020,0.045336,-0.409123
13/01/2020,0.03931,0.144254
14/01/2020,-0.082053,0.094907
15/01/2020,0.335828,0.285059
16/01/2020,-0.162979,0.20803
17/01/2020,0.018721,-0.007163
20/01/2020,0.063149,0.219749
21/01/2020,-0.296057,0.165678
22/01/2020,-0.121723,0.296299
23/01/2020,0.174375,0.225105
24/01/2020,0.04845,0.082536
27/01/2020,-0.174982,-0.233457
28/01/2020,0.035619,0.225823
29/01/2020,-0.247684,-0.009871
30/01/2020,-0.306642,0.240053
31/01/2020,0.139223,0.065989
03/02/2020,0.083596,0.097189
04/02/2020,0.207145,0.036215
05/02/2020,-0.090958,0.224915
06/02/2020,-0.148336,0.15695
07/02/2020,-0.136194,-0.015666
10/02/2020,-0.03624,0.066191
11/02/2020,0.465326,-0.105088
12/02/2020,-0.147315,-0.120169
13/02/2020,-0.24221,0.419777
14/02/2020,-0.022879,-0.047145
17/02/2020,0.228095,-0.200101
18/02/2020,0.132789,-0.051559
19/02/2020,-0.043295,0.029875
20/02/2020,0.18553,0.041361
21/02/2020,0.144797,0.051504
24/02/2020,-0.064758,-0.071246
25/02/2020,0.194128,0.196113
26/02/2020,-0.0272,-0.172464
27/02/2020,0.162158,-0.159279
28/02/2020,-0.032515,0.052095
02/03/2020,-0.050267,-0.180163
03/03/2020,0.100996,-0.215809
04/03/2020,0.033374,0.068266
05/03/2020,-0.279911,-0.042097
06/03/2020,0.380936,0.065824
09/03/2020,-0.036671,0.00981
10/03/2020,0.215968,-0.206174
11/03/2020,0.143884,0.046848
12/03/2020,0.11495,-0.307572
13/03/2020,0.090304,-0.096006
16/03/2020,0.127619,0.123335
17/03/2020,-0.010745,-0.084858
18/03/2020,-0.221672,0.026234
19/03/2020,0.095325,-0.163891
20/03/2020,-0.143961,0.034324
23/03/2020,0.192037,0.074079
24/03/2020,-0.04214,0.057504
25/03/2020,0.131617,0.089986
26/03/2020,0.082186,0.189174
27/03/2020,0.131021,0.125293
30/03/2020,0.05243,0.403629
31/03/2020,-0.008881,0.185197
01/04/2020,0.330938,0.298127
02/04/2020,-0.014276,-0.068362
03/04/2020,-0.146695,0.069579
06/04/2020,0.529225,0.244301
07/04/2020,0.115643,-0.048949
08/04/2020,0.031435,-0.176491
09/04/2020,-0.833589,-0.01633
10/04/2020,-0.155305,0.11427
13/04/2020,0.195209,-0.04999
14/04/2020,-0.140084,-0.001938
15/04/2020,0.06483,-0.037025
16/04/2020,0.311673,-0.006664
17/04/2020,0.077575,-0.148252
20/04/2020,-0.033454,-0.033706
21/04/2020,-0.096422,-0.250813
22/04/2020,0.160529,0.158271
23/04/2020,0.203932,0.280409
24/04/2020,-0.27848,0.143943
27/04/2020,0.256794,0.13793
28/04/2020,-0.085256,0.001876
29/04/2020,0.376398,0.239805
30/04/2020,0.20877,-0.04332
01/05/2020,-0.118125,0.165848
04/05/2020,0.125953,-0.17534
05/05/2020,-0.194062,-0.014802
06/05/2020,-0.048667,-0.012955
07/05/2020,0.029353,-0.010493
08/05/2020,0.096016,-0.022768
11/05/2020,-0.206452,-0.027674
12/05/2020,0.225325,-0.170867
13/05/2020,0.127658,-0.005619
14/05/2020,0.262706,0.516046
15/05/2020,-0.231118,-0.118871
18/05/2020,0.011414,0.191813
19/05/2020,0.035985,0.737917
20/05/2020,-0.121121,-0.324995
21/05/2020,-0.18282,-0.069467
22/05/2020,-0.066113,0.079781
25/05/2020,0.167328,0.078333
26/05/2020,-0.002098,-0.018529
27/05/2020,-0.079364,-0.041055
28/05/2020,-0.664603,0.173446
29/05/2020,-0.035971,0.104308
01/06/2020,-0.016013,-0.014011
02/06/2020,0.027816,0.094791
03/06/2020,-0.251711,-0.120689
04/06/2020,-0.010313,0.292066
05/06/2020,0.055018,0.091692
08/06/2020,0.186832,0.340331
09/06/2020,-0.033727,-0.427702
10/06/2020,0.176115,-0.107
11/06/2020,-0.175272,0.114673
12/06/2020,-0.046893,0.170891
15/06/2020,-0.005637,0.048883
16/06/2020,0.134413,-0.195993
17/06/2020,-0.24226,0.09796
18/06/2020,0.291607,0.27875
19/06/2020,0.205781,-0.504618
22/06/2020,-0.052222,0.358241
23/06/2020,0.172118,-0.020238
24/06/2020,0.128,0.096241
25/06/2020,-0.092418,-0.104835
26/06/2020,0.135477,-0.001376
29/06/2020,0.096159,0.070122
30/06/2020,-0.154506,0.512668
01/07/2020,0.234662,0.003395
02/07/2020,-0.031642,-0.065416
03/07/2020,0.086821,-0.067776
06/07/2020,0.291517,-0.071824
07/07/2020,-0.049895,0.303077
08/07/2020,-0.275048,-0.361875
09/07/2020,-0.001282,-0.055748
10/07/2020,0.014926,0.064593
13/07/2020,-0.012961,0.063505
14/07/2020,-0.306067,0.046778
15/07/2020,-0.018374,-0.026925
16/07/2020,0.300918,0.268977
17/07/2020,-0.097158,-0.028406
20/07/2020,0.044545,-0.15746
21/07/2020,0.240058,-0.474719
22/07/2020,0.30056,-0.113057
23/07/2020,-0.123395,0.344896
24/07/2020,0.103921,0.270645
27/07/2020,-0.232817,-0.213694
28/07/2020,-0.051262,-0.030768
29/07/2020,-0.141122,-0.158848
30/07/2020,0.325896,0.212085
31/07/2020,0.108442,0.330033
03/08/2020,-0.262406,-0.191839
04/08/2020,0.226212,0.663308
05/08/2020,-0.345878,0.126015
06/08/2020,0.045193,-0.335758
07/08/2020,-0.042579,0.117476
10/08/2020,0.090662,0.13286
11/08/2020,0.176931,-0.110366
12/08/2020,-0.220883,0.118518
13/08/2020,0.350227,-0.089692
14/08/2020,-0.066239,-0.060015
17/08/2020,0.16276,-0.221589
18/08/2020,-0.122825,-0.039791
19/08/2020,-0.030851,0.258456
20/08/2020,-0.081762,0.068946
21/08/2020,0.462803,-0.12636
24/08/2020,0.143262,-0.127065
25/08/2020,-0.264925,-0.174013
26/08/2020,0.310858,0.147528
27/08/2020,-0.279857,-0.180501
28/08/2020,-0.001293,0.023673
31/08/2020,-0.019521,-0.002064
01/09/2020,0.20285,0.004006
02/09/2020,-0.087715,0.000632
03/09/2020,-0.061953,0.134087
04/09/2020,0.319623,-0.08872
07/09/2020,0.190894,-0.104845
08/09/2020,-0.042507,-0.044355
09/09/2020,-0.114535,-0.063916
10/09/2020,0.256987,-0.033395
11/09/2020,-0.133778,0.35938
14/09/2020,0.242901,0.050918
15/09/2020,-0.166453,0.003994
16/09/2020,-0.105927,0.146658
17/09/2020,-0.288838,0.050364
18/09/2020,0.36605,0.221795
21/09/2020,0.194096,0.289868
22/09/2020,0.247265,0.28209
23/09/2020,-0.321464,-0.114107
24/09/2020,0.291358,-0.127054
25/09/2020,0.244372,0.174792
28/09/2020,-0.002908,-0.106181
29/09/2020,0.231247,0.075683
30/09/2020,-0.138024,0.33754
01/10/2020,-0.30655,-0.146273
02/10/2020,-0.216162,0.114456
05/10/2020,0.187475,0.007891
06/10/2020,0.242264,-0.119468
07/10/2020,0.053408,0.217359
08/10/2020,-0.163006,0.03588
09/10/2020,0.072633,-0.023283
12/10/2020,0.050866,0.245457
13/10/2020,0.071545,-0.153767
14/10/2020,0.035971,0.093643
15/10/2020,0.336294,-0.378619
16/10/2020,0.173936,0.213553
19/10/2020,0.12674,0.243379
20/10/2020,0.204039,-0.018246
21/10/2020,0.034139,-0.111709
22/10/2020,0.040248,0.090787
23/10/2020,0.079098,0.262059
26/10/2020,0.124145,0.270565
27/10/2020,-0.028301,-0.056345
28/10/2020,-0.045917,0.113118
29/10/2020,-0.027959,0.00517
30/10/2020,-0.045033,-0.012616
02/11/2020,0.151965,0.427905
03/11/2020,-0.301302,-0.124341
04/11/2020,-0.203088,-0.104786
05/11/2020,-0.352883,-0.032988
06/11/2020,-0.005095,-0.212221
09/11/2020,0.326795,0.108446
10/11/2020,-0.185541,-0.214242
11/11/2020,0.045025,0.181162
12/11/2020,-0.074808,-0.048316
13/11/2020,0.086192,-0.054347
16/11/2020,-0.010442,0.178552
17/11/2020,0.158077,-0.2849
18/11/2020,0.282562,-0.145352
19/11/2020,-0.150163,0.160221
20/11/2020,0.488593,0.150905
23/11/2020,-0.111734,0.040965
24/11/2020,-0.067861,0.451574
25/11/2020,-0.051791,-0.071272
26/11/2020,-0.329029,0.336776
27/11/2020,0.613801,-0.648915
30/11/2020,-0.13806,-0.003774
01/12/2020,-0.004831,0.22301
02/12/2020,0.142956,-0.111826
03/12/2020,0.210229,-0.037262
04/12/2020,-0.327858,-0.30114
07/12/2020,-0.178129,0.136407
08/12/2020,-0.130702,-0.112413
09/12/2020,0.281842,-0.043121
10/12/2020,-0.28557,0.057811
11/12/2020,-0.16555,-0.042425
14/12/2020,0.191306,-0.074357
15/12/2020,0.086099,-0.00509
16/12/2020,0.030398,0.11162
17/12/2020,0.176414,-0.028723
18/12/2020,-0.41936,-0.092659
21/12/2020,-0.037759,0.15722
22/12/2020,0.216761,0.032258
23/12/2020,-0.075757,0.083278
24/12/2020,0.391868,0.143344
25/12/2020,0.061098,0.053669
28/12/2020,-0.26446,0.273739
29/12/2020,-0.166759,-0.009906
30/12/2020,-0.078686,-0.205373
31/12/2020,-0.248342,-0.086294
01/01/2021,-0.094906,0.09185
04/01/2021,0.040331,0.157324
05/01/2021,1.100658,0.225213
06/01/2021,-0.014561,0.085809
07/01/2021,-0.099522,-0.123634
08/01/2021,-0.117149,0.046078
11/01/2021,-0.244751,0.152348
12/01/2021,0.257518,-0.02728
13/01/2021,-0.092666,0.106415
14/01/2021,-0.289869,-0.189112
15/01/2021,-0.130036,-0.136749
18/01/2021,0.16575,0.09215
19/01/2021,-0.169875,-0.113699
20/01/2021,0.062774,-0.019589
21/01/2021,0.078257,0.172955
22/01/2021,-0.062569,-0.063583
25/01/2021,-0.164611,0.144485
26/01/2021,-0.222473,0.058328
27/01/2021,-0.045558,-0.035213
28/01/2021,-0.057054,-0.000294
29/01/2021,-0.015594,0.1064
01/02/2021,-0.188597,0.175141
02/02/2021,-0.154145,-0.058018
03/02/2021,0.124135,0.457723
04/02/2021,-0.216116,-0.190635
05/02/2021,0.211999,0.382098
08/02/2021,-0.030802,0.012843
09/02/2021,-0.203628,0.047314
10/02/2021,0.280518,0.057461
11/02/2021,0.254655,-0.043779
12/02/2021,0.063692,0.038946
15/02/2021,-0.19833,0.025342
16/02/2021,0.28607,0.19311
17/02/2021,-0.098272,-0.02235
18/02/2021,0.245055,-0.031674
19/02/2021,0.1815,-0.077032
22/02/2021,-0.037763,-0.12851
23/02/2021,-0.192661,0.356943
24/02/2021,0.036699,-0.123044
25/02/2021,0.096197,0.261529
26/02/2021,-0.010235,0.140566
01/03/2021,0.159417,0.020578
02/03/2021,-0.157188,-0.132116
03/03/2021,0.241305,0.109649
04/03/2021,-0.07321,0.14077
05/03/2021,-0.1054,-0.297097
08/03/2021,0.83656,0.14417
09/03/2021,0.091054,-0.020343
10/03/2021,0.183937,-0.000936
11/03/2021,-0.135227,0.019466
12/03/2021,-0.05002,-0.000232
15/03/2021,0.163512,-0.007605
16/03/2021,-0.146862,-0.052521
17/03/2021,0.181219,-0.174053
18/03/2021,-0.10593,-0.060119
19/03/2021,0.33412,-0.125506
22/03/2021,-0.04255,-0.09579
23/03/2021,-0.033745,0.077619
24/03/2021,-0.141233,0.243314
25/03/2021,0.027848,-0.27658
26/03/2021,-0.005175,0.180452
29/03/2021,-0.435241,0.121438
30/03/2021,-0.293547,0.173671
31/03/2021,0.194075,0.096874
01/04/2021,-0.081693,0.231888
02/04/2021,-0.00625,-0.019413
05/04/2021,0.011547,-0.130363
06/04/2021,-0.282445,-0.191851
07/04/2021,-0.024678,-0.022605
08/04/2021,0.088926,0.070297
09/04/2021,-0.063767,-0.195118
12/04/2021,-0.067469,0.026887
13/04/2021,0.005964,0.056579
14/04/2021,-0.621824,-0.039986
15/04/2021,0.090926,-0.30333
16/04/2021,0.223205,-0.334461
19/04/2021,0.210923,0.073301
20/04/2021,0.18631,-0.297195
21/04/2021,0.331875,0.026218
22/04/2021,0.133366,0.078281
23/04/2021,0.166585,-0.021309
26/04/2021,0.201711,-0.171471
27/04/2021,0.324926,0.10556
28/04/2021,-0.323879,-0.012749
29/04/2021,0.004735,0.008332
30/04/2021,0.074003,-0.13903
03/05/2021,-0.172769,-0.014629
04/05/2021,0.13733,-0.11991
05/05/2021,-0.055685,-0.056233
06/05/2021,-0.068095,0.027255
07/05/2021,-0.009498,-0.159662
10/05/2021,0.341713,0.253811
11/05/2021,0.058209,0.105949
12/05/2021,0.192788,-0.551554
13/05/2021,-0.315113,-0.045085
14/05/2021,0.224028,0.073046
17/05/2021,0.009587,-0.495308
18/05/2021,-0.29445,-0.173569
19/05/2021,0.229197,0.36214
20/05/2021,-0.1058,-0.121955
21/05/2021,0.095933,-0.093342
24/05/2021,-0.033004,0.064959
25/05/2021,0.043587,0.048455
26/05/2021,-0.066059,-0.099587
27/05/2021,-0.055792,-0.111694
28/05/2021,-0.148982,-0.189745
31/05/2021,-0.341584,0.001346
01/06/2021,0.071706,-0.268178
02/06/2021,0.19709,0.268034
03/06/2021,-0.220645,0.166448
04/06/2021,-0.395635,0.232689
07/06/2021,0.006352,-0.247689
08/06/2021,0.122294,0.023343
09/06/2021,0.143347,-0.17164
10/06/2021,-0.112071,-0.032181
11/06/2021,-0.134829,0.112509
14/06/2021,0.247074,-0.164987
15/06/2021,0.215866,0.01951
16/06/2021,0.293984,0.401428
17/06/2021,-0.148753,-0.148507
18/06/2021,-0.076449,-0.158698
21/06/2021,-0.143877,-0.114373
22/06/2021,0.021583,-0.063983
23/06/2021,-0.109547,0.276313
24/06/2021,0.317823,0.172294
25/06/2021,-0.2379,-0.434775
28/06/2021,0.095085,-0.134243
29/06/2021,0.074453,0.065877
30/06/2021,-0.287605,-0.153333
01/07/2021,0.003202,0.112237
02/07/2021,0.092,1.136704
05/07/2021,0.081317,-0.11118
06/07/2021,-0.162331,0.059155
07/07/2021,0.105416,0.17753
08/07/2021,0.127165,0.039026
09/07/2021,-0.406526,0.00261
12/07/2021,-0.02728,-0.03233
13/07/2021,0.128425,-0.021461
14/07/2021,-0.190988,-0.182667
15/07/2021,0.087571,-0.020238
16/07/2021,-0.426113,0.122091
19/07/2021,0.107988,0.029736
20/07/2021,0.175948,-0.218086
21/07/2021,-0.086193,0.004732
22/07/2021,-0.329398,0.148973
23/07/2021,0.03455,0.206771
26/07/2021,0.319973,0.061535
27/07/2021,-0.009144,-0.12714
28/07/2021,-0.306749,0.023359
29/07/2021,-0.152942,-0.018805
30/07/2021,0.291164,-0.3657
02/08/2021,0.494487,-0.099393
03/08/2021,0.069343,0.105632
04/08/2021,0.006033,-0.223308
05/08/2021,-0.073626,0.156248
06/08/2021,-0.351733,-0.040251
09/08/2021,0.45232,-0.137836
10/08/2021,-0.009623,-0.284473
11/08/2021,0.03405,-0.048707
12/08/2021,0.434001,0.157933
13/08/2021,0.014342,-0.213692
16/08/2021,-0.412879,-0.280977
17/08/2021,-0.450605,0.250863
18/08/2021,0.720473,-0.071005
19/08/2021,-0.251729,-0.066417
20/08/2021,0.017323,0.187488
23/08/2021,-0.182177,-0.264067
24/08/2021,-0.086278,0.158891
25/08/2021,-0.359074,0.002197
26/08/2021,0.235534,-0.004967
27/08/2021,0.019558,0.15437
30/08/2021,-0.110192,0.137794
31/08/2021,0.01216,0.087818
01/09/2021,0.115781,0.068614
02/09/2021,0.036908,-0.145851
03/09/2021,0.041676,0.107801
06/09/2021,-0.02611,-0.206288
07/09/2021,0.093226,-0.409248
08/09/2021,0.090914,0.372277
09/09/2021,-0.263482,-0.09439
10/09/2021,0.157045,-0.005571
13/09/2021,-0.421593,-0.075861
14/09/2021,0.021632,-0.242434
15/09/2021,0.025436,-0.35461
16/09/2021,0.128782,-0.171459
17/09/2021,-0.0276,-0.170997
20/09/2021,-0.109797,0.17797
21/09/2021,0.022115,-0.089356
22/09/2021,-0.123166,0.156522
23/09/2021,0.215927,0.043965
24/09/2021,-0.083977,-0.027644
27/09/2021,0.136715,-0.102118
28/09/2021,-0.001235,-0.259665
29/09/2021,0.131135,-0.468448
30/09/2021,0.278425,0.427502
01/10/2021,0.001115,0.090342
04/10/2021,0.069554,-0.272024
05/10/2021,-0.215329,-0.03338
06/10/2021,0.268978,-0.151702
07/10/2021,-0.198042,-0.120654
08/10/2021,-0.01645,0.025021
11/10/2021,-0.245755,0.359474
12/10/2021,0.131878,-0.374902
13/10/2021,-0.120985,0.120932
14/10/2021,-0.022485,-0.231764
15/10/2021,0.267999,0.099705
18/10/2021,-0.024063,-0.043769
19/10/2021,-0.034368,0.258203
20/10/2021,0.000827,-0.247783
21/10/2021,0.332964,-0.197895
22/10/2021,-0.099509,-0.112025
25/10/2021,-0.15981,0.151763
26/10/2021,-0.07871,-0.117084
27/10/2021,0.246098,0.134525
28/10/2021,-0.033701,0.262249
29/10/2021,-0.013154,0.060714
01/11/2021,0.158421,-0.017966
02/11/2021,-0.229525,-0.129552
03/11/2021,-0.254906,-0.154793
04/11/2021,-0.075967,0.204183
05/11/2021,0.144826,0.040422
08/11/2021,0.332647,0.114407
09/11/2021,-0.095532,0.026402
10/11/2021,-0.292651,0.15454
11/11/2021,0.095396,0.236601
12/11/2021,0.143479,-0.156774
15/11/2021,-0.105043,0.094158
16/11/2021,0.147352,-0.161082
17/11/2021,-0.328395,0.225303
18/11/2021,-0.123847,-0.275655
19/11/2021,-0.070067,0.034286
22/11/2021,0.032248,-0.036224
23/11/2021,-0.240214,-0.264471
24/11/2021,0.076055,-0.007315
25/11/2021,0.219513,-0.388348
26/11/2021,0.021995,0.043807
29/11/2021,-0.016569,-0.128523
30/11/2021,0.181974,-0.147149
01/12/2021,-0.115585,-0.028315
02/12/2021,-0.138751,-0.106316
03/12/2021,-0.123423,-0.150912
06/12/2021,-0.452196,0.10615
07/12/2021,-0.03547,-0.119406
08/12/2021,0.057737,0.338141
09/12/2021,0.258233,0.151767
10/12/2021,-0.078486,0.11382
13/12/2021,-0.300671,0.306844
14/12/2021,0.192256,-0.046525
15/12/2021,0.146357,0.08906
16/12/2021,-1.136788,0.263964
17/12/2021,0.088254,0.075125
20/12/2021,-0.04425,0.144924
21/12/2021,0.021365,-0.177725
22/12/2021,0.717555,-0.050267
23/12/2021,-0.247594,-0.094054
24/12/2021,0.174952,-0.275304
27/12/2021,-0.206897,0.272994
28/12/2021,0.12594,-0.004526
29/12/2021,-0.490355,-0.1907
30/12/2021,0.116043,0.366123
31/12/2021,-0.101421,0.270251
03/01/2022,0.405282,-0.009756
04/01/2022,0.109701,0.033786
05/01/2022,-0.185474,0.108206
06/01/2022,-0.172526,0.0066
07/01/2022,-0.062126,0.004552
10/01/2022,0.219391,0.205149
11/01/2022,-0.202489,-0.042114
12/01/2022,0.092273,-0.049713
13/01/2022,0.2151,-0.280058
14/01/2022,-0.064038,-0.142955
17/01/2022,-0.06704,0.10047
18/01/2022,-0.148976,-0.055379
19/01/2022,-0.043814,0.21924
20/01/2022,0.207249,-0.336109
21/01/2022,0.114208,0.235949
24/01/2022,-0.146692,-0.091454
25/01/2022,-0.191841,-0.007125
26/01/2022,0.009162,0.21585
27/01/2022,-0.32133,-0.174665
28/01/2022,0.018082,-0.133367
31/01/2022,0.14563,-0.011217
01/02/2022,-0.032469,0.161486
02/02/2022,-0.074217,0.323888
03/02/2022,0.121662,-0.114304
04/02/2022,-0.079508,0.356786
07/02/2022,0.362905,-0.000892
08/02/2022,-0.150238,0.059599
09/02/2022,0.144224,-0.093295
10/02/2022,0.027619,-0.021644
11/02/2022,-0.279231,0.154265
14/02/2022,0.172703,-0.01794
15/02/2022,0.423194,-0.048481
16/02/2022,-0.033717,0.176135
17/02/2022,-0.192741,0.236689
18/02/2022,0.14349,-0.008879
21/02/2022,0.185394,0.021781
22/02/2022,-0.226146,-0.175583
23/02/2022,-0.128989,0.063041
24/02/2022,0.372705,-0.045703
25/02/2022,0.897658,0.108654
28/02/2022,-0.213394,0.306508
01/03/2022,-0.11492,-0.100658
02/03/2022,0.325877,0.227203
03/03/2022,0.22379,-0.077719
04/03/2022,-0.276332,0.057784
07/03/2022,-0.0411,0.218809
08/03/2022,0.026743,0.26257
09/03/2022,-0.088385,-0.258738
10/03/2022,-0.114184,-0.031501
11/03/2022,-0.089023,-0.148096
14/03/2022,0.155786,-0.130654
15/03/2022,0.189496,-0.22209
16/03/2022,-0.208444,0.119509
17/03/2022,-0.146247,0.028409
18/03/2022,-0.040493,-0.049586
21/03/2022,-0.197107,-0.248552
22/03/2022,0.179757,-0.026574
23/03/2022,0.04548,0.154857
24/03/2022,-0.115561,0.024261
25/03/2022,-0.133683,0.008588
28/03/2022,-0.338847,-0.187944
29/03/2022,0.01295,-0.007417
30/03/2022,0.196654,0.045646
31/03/2022,0.002499,-0.021912
01/04/2022,0.133617,0.113585
04/04/2022,0.039023,-0.099226
05/04/2022,-0.147702,-0.060316
06/04/2022,0.292149,-0.151521
07/04/2022,0.100011,-0.090574
08/04/2022,0.085774,-0.021083
11/04/2022,0.176949,-0.150292
12/04/2022,0.17369,0.088781
13/04/2022,-0.089346,0.076522
14/04/2022,0.178773,0.028901
15/04/2022,-0.044135,0.19971
18/04/2022,0.112451,0.274019
19/04/2022,-0.255793,0.134104
20/04/2022,0.01859,-0.357702
21/04/2022,0.298026,0.066234
22/04/2022,0.058752,0.420695
25/04/2022,-0.151765,0.001751
26/04/2022,-0.196963,-0.11525
27/04/2022,0.061568,-0.139796
28/04/2022,0.1606,-0.047868
29/04/2022,0.039244,0.343011
02/05/2022,-0.18073,-0.172817
03/05/2022,0.168416,-0.213559
04/05/2022,-0.067556,0.142255
05/05/2022,-0.282759,0.03776
06/05/2022,0.088973,0.244536
09/05/2022,0.072894,-0.187069
10/05/2022,-0.126777,-0.058337
11/05/2022,-0.100648,0.020484
12/05/2022,0.100181,-0.054251
13/05/2022,-0.120594,0.127942
16/05/2022,-0.22544,-0.112952
17/05/2022,0.299101,0.084628
18/05/2022,0.088986,0.011964
19/05/2022,0.321354,-0.045716
20/05/2022,-0.267717,-0.043358
23/05/2022,-0.092121,0.161963
24/05/2022,-0.021681,-0.125428
25/05/2022,-0.122636,0.23135
26/05/2022,0.052482,0.314069
27/05/2022,0.160705,-0.173843
30/05/2022,-0.039313,0.546538
31/05/2022,-0.04866,0.126898
01/06/2022,0.236776,-0.260181
02/06/2022,0.46455,-0.019901
03/06/2022,-0.341525,-0.025815
06/06/2022,-0.015421,0.100089
07/06/2022,-0.131782,-0.305248
08/06/2022,0.016938,0.19869
09/06/2022,0.137956,-0.108114
10/06/2022,-0.195689,0.278883
13/06/2022,0.115344,0.161679
14/06/2022,-0.185699,-0.026026
15/06/2022,-0.230776,-0.025157
16/06/2022,-0.021551,-0.025628
17/06/2022,0.035451,-0.164373
20/06/2022,-0.019728,-0.285399
21/06/2022,0.063841,-0.085606
22/06/2022,0.314309,0.090229
23/06/2022,-0.047249,-0.066634
24/06/2022,0.215812,-0.192143
27/06/2022,-0.258024,0.288059
28/06/2022,0.083309,0.015441
29/06/2022,-0.145378,-0.06164
30/06/2022,0.043372,-0.01784
01/07/2022,-0.085353,0.213594
04/07/2022,-0.01371,0.185321
05/07/2022,0.182666,-0.197735
06/07/2022,-0.043085,0.238562
07/07/2022,-0.019043,0.065282
08/07/2022,-0.094392,0.033142
11/07/2022,-0.184513,0.121804
12/07/2022,0.255135,-0.09802
13/07/2022,-0.020309,0.141208
14/07/2022,0.127565,0.124545
15/07/2022,0.078387,0.134167
18/07/2022,-0.220603,0.135566
19/07/2022,-0.094471,0.488974
20/07/2022,-0.059991,-0.192776
21/07/2022,-0.145596,-0.195298
22/07/2022,-0.309077,0.209307
25/07/2022,-0.048236,-0.071449
26/07/2022,-0.1127,-0.218398
27/07/2022,0.184644,-0.116356
28/07/2022,-0.036947,0.276386
29/07/2022,0.317345,0.142832
01/08/2022,0.070607,-0.213044
02/08/2022,-0.352907,0.030346
03/08/2022,-0.10844,0.054527
04/08/2022,0.168133,0.169693
05/08/2022,-0.526747,0.076417
08/08/2022,0.662497,-0.210466
09/08/2022,-0.151372,-0.100012
10/08/2022,0.291133,-0.130107
11/08/2022,0.198012,0.343381
12/08/2022,-0.153309,0.07081
15/08/2022,0.079127,-0.119407
16/08/2022,0.056188,0.179929
17/08/2022,-0.100642,-0.002296
18/08/2022,-0.19957,-0.01969
19/08/2022,-0.099828,0.059224
22/08/2022,-0.303518,-0.074674
23/08/2022,0.301639,0.022749
24/08/2022,-0.011735,-0.222723
25/08/2022,-0.072846,0.122932
26/08/2022,-0.051654,-0.17618
29/08/2022,0.038198,-0.097464
30/08/2022,-0.126814,0.295491
31/08/2022,-0.095979,0.01538
01/09/2022,-0.039576,-0.253287
02/09/2022,0.19594,-0.039714
05/09/2022,0.074552,0.156681
06/09/2022,-0.304632,0.256251
07/09/2022,0.118404,-0.270916
08/09/2022,0.06685,-0.033457
09/09/2022,-0.236639,-0.055811
12/09/2022,0.223954,0.1028
13/09/2022,0.216185,0.367623
14/09/2022,-0.117908,-0.177362
15/09/2022,0.094536,-0.10407
16/09/2022,0.041171,-0.220805
19/09/2022,0.180784,0.206157
20/09/2022,0.177903,-0.118295
21/09/2022,0.094713,0.015614
22/09/2022,-0.060265,-0.053697
23/09/2022,-0.208159,0.212464
26/09/2022,-0.131063,-0.018902
27/09/2022,-0.308968,-0.005583
28/09/2022,-0.175766,0.249309
29/09/2022,-0.294394,0.330358
30/09/2022,0.139091,-0.130453
03/10/2022,0.031192,-0.009952
04/10/2022,-0.161948,-0.214165
05/10/2022,-0.261053,0.122753
06/10/2022,-0.007995,0.019096
07/10/2022,0.128921,0.040376
10/10/2022,0.027886,0.021597
11/10/2022,0.04749,-0.243969
12/10/2022,0.214995,0.092999
13/10/2022,-0.389015,-0.222612
14/10/2022,0.139516,0.084647
17/10/2022,-0.207203,0.184003
18/10/2022,0.149847,0.073449
19/10/2022,-0.071777,0.073765
20/10/2022,0.085536,0.230105
21/10/2022,-0.234642,-0.325186
24/10/2022,0.033164,-0.166045
25/10/2022,-0.189479,0.070199
26/10/2022,-0.190053,0.16047
27/10/2022,-0.167363,0.405749
28/10/2022,0.094879,0.375415
31/10/2022,-0.353944,-0.189894
01/11/2022,0.039574,-0.011047
02/11/2022,-0.12779,0.116561
03/11/2022,-0.288992,-0.035553
04/11/2022,0.039155,0.098507
07/11/2022,0.085362,0.130744
08/11/2022,0.090548,-0.073021
09/11/2022,0.030542,-0.149526
10/11/2022,0.102218,0.231198
11/11/2022,0.04082,-0.002426
14/11/2022,0.045848,0.328276
15/11/2022,-0.180287,-0.044375
16/11/2022,0.035944,-0.16493
17/11/2022,-0.038698,0.047572
18/11/2022,-0.036383,0.240656
21/11/2022,0.126259,-0.069815
22/11/2022,-0.171077,0.016775
23/11/2022,0.229576,-0.122669
24/11/2022,0.330566,-0.1168
25/11/2022,-0.453322,-0.217535
28/11/2022,0.038102,0.080482
29/11/2022,0.128432,-0.333606
30/11/2022,-0.24122,-0.252294
01/12/2022,0.041905,-0.264884
02/12/2022,-0.1565,0.064757
05/12/2022,0.068375,0.022578
06/12/2022,-0.075845,0.040878
07/12/2022,-0.022376,0.228675
08/12/2022,0.137658,0.208812
09/12/2022,-0.166585,0.313064
12/12/2022,-0.055794,-0.089938
13/12/2022,-0.096478,0.331517
14/12/2022,0.121975,0.08279
15/12/2022,-0.068956,-0.124583
16/12/2022,-0.072383,-0.270017
19/12/2022,-0.389415,0.108366
20/12/2022,0.113225,-0.024897
21/12/2022,-0.054053,-0.105139
22/12/2022,0.458948,0.011453
23/12/2022,0.109601,-0.143666
26/12/2022,-0.076195,-0.442112
27/12/2022,0.161528,-0.268763
28/12/2022,0.010964,0.264307
29/12/2022,-0.014833,0.208788
30/12/2022,0.038608,-0.05613
02/01/2023,0.319006,-0.169355
03/01/2023,0.281379,0.358693
04/01/2023,0.235688,-0.005491
05/01/2023,0.017262,0.226719
06/01/2023,0.109417,-0.397231
09/01/2023,-0.343966,0.085347
10/01/2023,0.201931,0.080525
11/01/2023,0.203489,-0.054442
12/01/2023,0.146309,0.083365
13/01/2023,-0.113388,0.29039
16/01/2023,-0.209993,0.096295
17/01/2023,-0.091414,0.05962
18/01/2023,0.023526,0.150082
19/01/2023,0.120123,0.007026
20/01/2023,-0.193207,-0.259599
23/01/2023,-0.253233,0.059106
24/01/2023,0.179541,0.153764
25/01/2023,-0.047525,0.15387
26/01/2023,0.253297,-0.040402
27/01/2023,0.170706,0.131871
30/01/2023,0.140507,-0.24801
31/01/2023,0.032057,-0.267706
01/02/2023,0.138419,0.211116
02/02/2023,0.139332,-0.070357
03/02/2023,-0.080896,-0.016914
06/02/2023,1.078834,-0.13742
07/02/2023,-0.051733,-0.189209
08/02/2023,0.094626,-0.190203
09/02/2023,0.073052,0.237934
10/02/2023,0.062929,0.085104
13/02/2023,-0.03306,-0.013789
14/02/2023,0.230311,0.127522
15/02/2023,0.146362,0.097045
16/02/2023,0.166,-0.090813
17/02/2023,0.139946,-0.077807
20/02/2023,0.198194,-0.01921
21/02/2023,-0.082526,0.042177
22/02/2023,0.341616,0.035364
23/02/2023,-0.33071,0.152395
24/02/2023,0.125587,0.257802
27/02/2023,-0.062862,-0.114244
28/02/2023,-0.151633,-0.111631
01/03/2023,0.03487,0.15776
02/03/2023,-0.114032,-0.036754
03/03/2023,-0.0128,-0.032378
06/03/2023,0.137982,0.087102
07/03/2023,0.03497,0.323417
08/03/2023,0.212137,0.276526
09/03/2023,0.184877,0.136516
10/03/2023,-0.036822,0.096243
13/03/2023,0.227274,0.043987
14/03/2023,-0.326081,0.148126
15/03/2023,-0.197918,0.19252
16/03/2023,0.199822,0.243323
17/03/2023,0.106864,-0.070825
20/03/2023,0.103469,0.108506
21/03/2023,0.245794,0.106546
22/03/2023,0.15355,0.156407
23/03/2023,-0.147565,-0.072912
24/03/2023,-0.036524,-0.020379
27/03/2023,0.318228,0.057692
28/03/2023,0.084928,-0.031758
29/03/2023,-0.025652,0.050886
30/03/2023,-0.164419,-0.094409
31/03/2023,-0.032917,-0.075112
03/04/2023,0.04656,-0.158614
04/04/2023,0.247614,-0.053484
05/04/2023,-0.070614,0.145657
06/04/2023,-0.010613,0.094252
07/04/2023,-0.126439,0.016768
10/04/2023,-0.086049,-0.169374
11/04/2023,0.122981,-0.101508
12/04/2023,0.056832,-1.23225
13/04/2023,-0.021434,0.266269
14/04/2023,0.069739,-0.297602
17/04/2023,0.274912,-0.000133
18/04/2023,0.017771,-0.022125
19/04/2023,-0.069919,0.025784
20/04/2023,-0.130149,-0.050704
21/04/2023,-0.069278,0.258197
24/04/2023,-0.061066,-0.075947
25/04/2023,0.181851,-0.055442
26/04/2023,0.022834,-0.02673
27/04/2023,-0.051529,-0.20716
28/04/2023,0.215612,0.229761
01/05/2023,-0.022554,-0.363943
02/05/2023,0.136057,0.205049
03/05/2023,0.083759,-0.182448
04/05/2023,-0.054787,0.003595
05/05/2023,0.002967,0.115145
08/05/2023,-0.043072,0.380687
09/05/2023,0.141111,-0.076939
10/05/2023,0.006427,-0.173308
11/05/2023,-0.279345,0.030287
12/05/2023,0.155167,0.307637
15/05/2023,0.050911,-0.016059
16/05/2023,-0.317449,-0.194475
17/05/2023,-0.035889,0.03198
18/05/2023,-0.102689,-0.052051
19/05/2023,-0.176073,0.199175
22/05/2023,0.466319,-0.014825
23/05/2023,0.036261,0.006283
24/05/2023,-0.127699,0.127147
25/05/2023,0.113392,-0.040649
26/05/2023,0.086381,0.108336
29/05/2023,-0.172665,0.084055
30/05/2023,-0.102398,-0.100429
31/05/2023,0.104111,-0.096221
01/06/2023,-0.131109,-0.191943
02/06/2023,-0.248733,-0.112627
05/06/2023,0.168259,0.320122
06/06/2023,0.25458,-0.107073
07/06/2023,0.136485,-0.075775
08/06/2023,-0.157161,0.259364
09/06/2023,-0.247965,0.033122
12/06/2023,0.020139,0.294803
13/06/2023,-0.036644,-0.002364
14/06/2023,0.399899,0.15987
15/06/2023,-0.095928,-0.148425
16/06/2023,-0.059743,0.250599
19/06/2023,0.005981,-0.082898
20/06/2023,-0.147356,-0.004798
21/06/2023,0.034403,0.184203
22/06/2023,0.003989,0.239624
23/06/2023,0.687822,-0.049904
26/06/2023,-0.061435,-0.091715
27/06/2023,-0.094387,0.245456
28/06/2023,0.011686,0.236762
29/06/2023,-0.035527,-0.167734
30/06/2023,-0.151142,0.200187
03/07/2023,-0.002573,-0.321468
04/07/2023,-0.193891,0.054879
05/07/2023,-0.000767,0.253495
06/07/2023,-0.226796,0.253032
07/07/2023,-0.193345,0.01939
10/07/2023,-0.112124,0.04448
11/07/2023,-0.157599,-0.027949
12/07/2023,-0.03071,0.000119
13/07/2023,-0.178143,0.285921
14/07/2023,0.134587,-0.062075
17/07/2023,-0.169893,0.220551
18/07/2023,0.350932,0.022551
19/07/2023,0.158012,0.128134
20/07/2023,-0.232056,-0.282927
21/07/2023,-0.030291,0.177394
24/07/2023,-0.083024,-0.061476
25/07/2023,-0.126495,-0.065591
26/07/2023,0.106321,0.064024
27/07/2023,0.077909,0.159713
28/07/2023,0.090077,0.075643
31/07/2023,0.001585,-0.047226
01/08/2023,0.210354,-0.092891
02/08/2023,-0.060428,0.443826
03/08/2023,0.042645,-0.305172
04/08/2023,-0.258303,-0.192555
07/08/2023,0.154708,0.415496
08/08/2023,-0.100922,0.009853
09/08/2023,0.192216,0.245896
10/08/2023,0.029853,-0.114938
11/08/2023,0.083111,-0.000041
14/08/2023,-0.010823,0.109247
15/08/2023,0.036874,0.079774
16/08/2023,-0.072621,-0.212691
17/08/2023,-0.087661,0.31483
18/08/2023,0.206274,-0.124446
21/08/2023,0.138771,0.191762
22/08/2023,0.063389,-0.052177
23/08/2023,0.178402,-0.13769
24/08/2023,0.009752,-0.107107
25/08/2023,-0.004982,0.126639
28/08/2023,-0.002935,-0.189515
29/08/2023,-0.118106,0.003465
30/08/2023,-0.205009,-0.37608
31/08/2023,-0.032839,0.151439
01/09/2023,-0.030766,-0.195866
04/09/2023,-0.073872,0.062146
05/09/2023,-0.178692,0.116576
06/09/2023,-0.209848,-0.07324
07/09/2023,-0.098736,0.008377
08/09/2023,0.226896,0.035558
11/09/2023,0.01936,0.171585
12/09/2023,-0.129103,0.023293
13/09/2023,0.187069,-0.298846
14/09/2023,0.048738,-0.1018
15/09/2023,-0.170901,0.138463
18/09/2023,-0.171167,0.081871
19/09/2023,0.22227,-0.085469
20/09/2023,-0.197864,-0.154808
21/09/2023,0.181867,-0.084754
22/09/2023,0.144968,-0.118675
25/09/2023,0.063725,-0.073553
26/09/2023,0.26886,0.149967
27/09/2023,-0.167021,-0.341261
28/09/2023,0.182198,-0.092577
29/09/2023,-0.079234,0.056524
02/10/2023,0.318738,-0.175731
03/10/2023,-0.20085,-0.096353
04/10/2023,0.189537,0.01593
05/10/2023,-0.01887,0.060631
06/10/2023,-0.096417,-0.332869
09/10/2023,0.255572,0.055954
10/10/2023,-0.093976,0.160984
11/10/2023,-0.106475,0.058166
12/10/2023,-0.037997,0.112279
13/10/2023,0.042556,-0.102622
16/10/2023,-0.117608,0.030863
17/10/2023,-0.05703,0.135249
18/10/2023,-0.011262,0.047714
19/10/2023,-0.137145,0.070325
20/10/2023,-0.062273,-0.128303
23/10/2023,0.031397,0.001373
24/10/2023,0.141837,0.02477
25/10/2023,-0.082584,-0.039781
26/10/2023,-0.141712,0.080171
27/10/2023,-0.003096,0.115574
30/10/2023,-0.134385,0.035489
31/10/2023,0.058183,0.20589
01/11/2023,-0.068065,0.219618
02/11/2023,-0.050772,0.076862
03/11/2023,-0.183867,0.314938
06/11/2023,-0.007009,-0.078701
07/11/2023,0.007623,0.148683
08/11/2023,0.0009,0.029268
09/11/2023,0.179954,0.249607
10/11/2023,-0.156336,-0.388393
13/11/2023,-0.31797,0.084804
14/11/2023,0.151409,-0.248583
15/11/2023,-0.037791,0.008018
16/11/2023,0.023676,0.175913
17/11/2023,-0.214167,0.25673
20/11/2023,-0.150715,-0.116397
21/11/2023,0.047204,-0.106411
22/11/2023,0.033033,0.21721
23/11/2023,-0.036195,0.015902
24/11/2023,0.052082,0.065555
27/11/2023,0.267523,-0.042535
28/11/2023,-0.177946,0.520157
29/11/2023,0.070699,0.050241
30/11/2023,0.20479,-0.130877
01/12/2023,0.111769,0.139214
04/12/2023,-0.072388,0.194118
05/12/2023,-0.005106,-0.015204
06/12/2023,0.256984,-0.148616
07/12/2023,-0.000246,-0.202327
08/12/2023,-0.025374,0.277564
11/12/2023,0.094884,-0.056855
12/12/2023,0.104877,-0.081133
13/12/2023,-0.046676,-0.271452
14/12/2023,0.060435,-0.082879
15/12/2023,-0.234315,0.269866
18/12/2023,-0.034416,0.005708
19/12/2023,-0.279808,-0.017566
20/12/2023,-0.052082,-0.005368
21/12/2023,0.08618,-0.246353
22/12/2023,-0.047264,-0.06125
25/12/2023,-0.080195,-0.021991
26/12/2023,0.115641,-0.232051
27/12/2023,-0.177149,-0.024593
28/12/2023,0.213296,-0.109899
29/12/2023,-0.104588,-0.211573
01/01/2024,-0.055328,-0.157394
02/01/2024,0.261707,-0.548306
03/01/2024,0.101176,-0.163214
04/01/2024,-0.003157,0.041288
05/01/2024,-0.13861,-0.122443
08/01/2024,0.433432,0.241772
09/01/2024,-0.638708,0.103532
10/01/2024,0.181637,-0.020012
11/01/2024,0.024408,0.207464
12/01/2024,0.100511,-0.190457
15/01/2024,-0.052662,0.03987
16/01/2024,0.171965,-0.152742
17/01/2024,-0.05666,-0.107263
18/01/2024,0.072625,0.101922
19/01/2024,-0.911436,0.103975
22/01/2024,0.12895,-0.159051
23/01/2024,-0.127951,-0.03968
24/01/2024,0.187965,-0.321419
25/01/2024,0.005091,0.024114
26/01/2024,0.126182,-0.027974
29/01/2024,0.098047,0.106769
30/01/2024,-0.33357,-0.299757
31/01/2024,-0.125986,-0.035538
01/02/2024,0.101137,-0.059041
02/02/2024,-0.173277,0.0757
05/02/2024,-0.167909,-0.022427
06/02/2024,-0.166262,-0.1664
07/02/2024,-0.055722,-0.224794
08/02/2024,0.344227,0.039903
09/02/2024,-0.149486,-0.13404
12/02/2024,-0.081619,0.040815
13/02/2024,0.179049,0.14734
14/02/2024,-0.027113,-0.17087
15/02/2024,0.041868,0.126303
16/02/2024,0.027569,0.169164
19/02/2024,0.150693,-0.008276
20/02/2024,-0.100068,-0.018452
21/02/2024,0.181136,-0.198103
22/02/2024,0.101752,0.050002
23/02/2024,0.046784,-0.060546
26/02/2024,-0.242145,-0.038503
27/02/2024,-0.017721,0.149275
28/02/2024,-0.213705,-0.093596
29/02/2024,0.123922,-0.129805
01/03/2024,0.106881,-0.011205
04/03/2024,-0.353036,0.080802
05/03/2024,-0.270918,-0.132647
06/03/2024,0.080156,-0.025803
07/03/2024,0.113076,0.136428
08/03/2024,0.091894,-0.02451
11/03/2024,0.054824,-0.204428
12/03/2024,-0.069296,0.042487
13/03/2024,-0.237944,-0.137219
14/03/2024,0.00212,0.11323
15/03/2024,0.02391,-0.06105
18/03/2024,-0.173484,0.298265
19/03/2024,-0.114108,-0.103392
20/03/2024,-0.101436,0.083069
21/03/2024,0.069492,0.204609
22/03/2024,0.225353,-0.029008
25/03/2024,-0.024872,0.109173
26/03/2024,0.353861,0.104756
27/03/2024,-0.371132,0.198559
28/03/2024,0.320013,-0.275044
29/03/2024,0.231735,-0.135497
01/04/2024,0.048679,0.074682
02/04/2024,-0.137869,0.197034
03/04/2024,-0.190261,0.109508
04/04/2024,0.00243,0.170386
05/04/2024,-0.097435,0.207952
08/04/2024,0.089787,0.029524
09/04/2024,0.103806,-0.223256
10/04/2024,0.073116,-0.176027
11/04/2024,0.064812,-0.038682
12/04/2024,0.369203,0.325717
15/04/2024,-0.469032,-0.071403
16/04/2024,-0.12386,0.190279
17/04/2024,-0.141984,0.306643
18/04/2024,-0.092359,-0.27091
19/04/2024,-0.027417,0.073325
22/04/2024,-0.169061,0.200399
23/04/2024,0.139936,-0.224973
24/04/2024,0.040274,-0.045261
25/04/2024,-0.187571,0.002649
26/04/2024,0.131203,-0.198944
29/04/2024,-0.135632,0.127474
30/04/2024,-0.090853,0.510813
01/05/2024,-0.026061,-0.144235
02/05/2024,0.066572,0.090289
03/05/2024,-0.044123,-0.137678
06/05/2024,0.017535,0.030913
07/05/2024,-0.09767,0.043103
08/05/2024,-0.444421,-0.10955
09/05/2024,-0.245782,0.117625
10/05/2024,0.019397,-0.016591
13/05/2024,-0.016037,0.141559
14/05/2024,0.380591,-0.168888
15/05/2024,-0.234948,-0.299466
16/05/2024,0.068059,-0.115852
17/05/2024,-0.181079,0.087607
20/05/2024,0.316734,-0.223069
21/05/2024,-0.006711,-0.020596
22/05/2024,0.070968,0.059233
23/05/2024,0.198666,0.104547
24/05/2024,0.170293,0.308991
27/05/2024,-0.124734,-0.789185
28/05/2024,-0.120832,-0.103151
29/05/2024,-0.090595,-0.063714
30/05/2024,0.305578,0.245588
31/05/2024,-0.081901,-0.004274
03/06/2024,-0.178545,0.088214
04/06/2024,0.238935,0.337344
05/06/2024,-0.16401,-0.195924
06/06/2024,0.240655,-0.010599
07/06/2024,-0.047185,-0.172702
10/06/2024,-0.055699,0.190893
11/06/2024,-0.377227,0.238641
12/06/2024,0.260362,0.041258
13/06/2024,-0.093357,-0.066442
14/06/2024,-0.249641,0.179795
17/06/2024,-0.155792,0.032454
18/06/2024,-0.189266,-0.058369
19/06/2024,0.113884,-0.071453
20/06/2024,-0.157729,-0.039358
21/06/2024,0.020363,-0.085346
24/06/2024,-0.051694,-0.045183
25/06/2024,0.11943,0.011858
26/06/2024,0.010451,-0.156174
27/06/2024,0.054079,-0.060323
28/06/2024,0.230859,0.048726
01/07/2024,0.294168,-0.211005
02/07/2024,-0.057562,0.327509
03/07/2024,-0.142965,-0.286623
04/07/2024,0.18685,-0.154137
05/07/2024,-0.052933,0.30973
08/07/2024,0.103212,-0.031522
09/07/2024,0.279378,0.268974
10/07/2024,0.286068,0.225216
11/07/2024,-0.155202,0.123078
12/07/2024,0.126875,-0.110129
15/07/2024,0.095699,-0.142357
16/07/2024,1.085904,0.111754
17/07/2024,-0.000863,-0.097928
18/07/2024,0.064322,-0.143089
19/07/2024,-0.120865,-0.020555
22/07/2024,-0.043045,-0.200584
23/07/2024,0.096499,0.31363
24/07/2024,0.024466,0.331545
25/07/2024,-0.0389,-0.028097
26/07/2024,0.029612,-0.255467
29/07/2024,-0.131318,0.293501
30/07/2024,-0.062777,-0.015666
31/07/2024,0.079233,0.00266
01/08/2024,-0.140428,-0.00309
02/08/2024,0.006029,-0.019721
05/08/2024,0.089944,0.125753
06/08/2024,-0.075792,-0.056898
07/08/2024,-0.156143,0.05893
08/08/2024,0.078886,-0.10943
09/08/2024,-0.043686,-0.223384
12/08/2024,-0.067122,0.163812
13/08/2024,-0.080564,-0.080709
14/08/2024,-0.074854,-0.040991
15/08/2024,0.015116,0.033868
16/08/2024,0.267757,-0.095303
19/08/2024,-0.132916,0.285377
20/08/2024,-0.092845,-0.491302
21/08/2024,0.054379,0.125705
22/08/2024,-0.202785,-0.033654
23/08/2024,0.053824,0.084774
26/08/2024,-0.003372,0.139158
27/08/2024,0.102861,-0.236307
28/08/2024,0.038783,-0.116848
29/08/2024,0.161706,0.089705
30/08/2024,0.14476,-0.189182
02/09/2024,-0.141453,-0.073569
03/09/2024,0.218533,-0.065573
04/09/2024,0.013998,0.319414
05/09/2024,-0.010379,-0.046461
06/09/2024,-0.021523,-0.146282
09/09/2024,0.071916,0.056631
10/09/2024,-0.131716,-0.184433
11/09/2024,0.284799,-0.202731
12/09/2024,-0.003525,0.269264
13/09/2024,0.184092,0.122274
16/09/2024,-0.125547,0.253671
17/09/2024,-0.296479,-0.067017
18/09/2024,0.064014,0.269154
19/09/2024,0.007224,-0.060919
20/09/2024,-0.128746,-0.074356
23/09/2024,0.168618,0.086895
24/09/2024,-0.080739,-0.1971
25/09/2024,-0.129036,0.112628
26/09/2024,-0.262866,0.011501
27/09/2024,-0.120785,0.101675
30/09/2024,-0.175435,0.137714
01/10/2024,0.350547,-0.038563
02/10/2024,-0.318757,-0.000976
03/10/2024,-0.153481,0.268466
04/10/2024,0.013141,-0.013162
07/10/2024,-0.013897,-0.16735
08/10/2024,-0.002719,0.178234
09/10/2024,-0.121163,-0.253811
10/10/2024,0.086732,0.427597
11/10/2024,-0.222004,-0.07568
14/10/2024,0.016627,-0.130393
15/10/2024,-0.30898,-0.073663
16/10/2024,0.048222,-0.012427
17/10/2024,0.025853,0.029147
18/10/2024,-0.080466,0.08637
21/10/2024,-0.147275,-0.206586
22/10/2024,-0.107675,0.168784
23/10/2024,0.092712,0.174993
24/10/2024,0.012018,0.073207
25/10/2024,0.017601,0.180292
28/10/2024,-0.023418,-0.031066
29/10/2024,-0.023868,0.028289
30/10/2024,0.645056,0.281029
31/10/2024,-0.259196,-0.023745
01/11/2024,0.036733,0.017558
04/11/2024,-0.131847,-0.058519
05/11/2024,-0.174423,-0.214994
06/11/2024,0.011678,0.088546
07/11/2024,0.083429,0.035517
08/11/2024,-0.045581,0.050746
11/11/2024,-0.083932,-0.040871
12/11/2024,0.094278,-0.157143
13/11/2024,-0.005497,0.072323
14/11/2024,-0.047321,0.175159
15/11/2024,0.033519,0.268231
18/11/2024,-0.031367,0.006717
19/11/2024,0.160435,0.099066
20/11/2024,-0.040569,-0.101219
21/11/2024,0.131055,0.082652
22/11/2024,0.003226,0.138816
25/11/2024,0.022274,-0.00581
26/11/2024,0.22968,-0.088487
27/11/2024,0.133536,-0.007876
28/11/2024,0.085283,0.059626
29/11/2024,-0.075657,0.201653
02/12/2024,0.111069,0.017475
03/12/2024,0.210767,-0.064341
04/12/2024,0.046393,-0.088444
05/12/2024,-0.15487,0.020803
06/12/2024,-0.006593,-0.164795
09/12/2024,-0.209171,-0.026528
10/12/2024,0.084901,0.02429
11/12/2024,0.002218,-0.049017
12/12/2024,-0.046486,0.174569
13/12/2024,0.168182,-0.022362
16/12/2024,-0.057541,-0.037967
17/12/2024,0.035072,-0.040772
18/12/2024,-0.219036,-0.130735
19/12/2024,0.454817,-0.246837
20/12/2024,0.433555,0.291148
23/12/2024,-0.120376,0.123425
24/12/2024,0.223623,0.170267
25/12/2024,-0.024251,0.111723
26/12/2024,0.152351,-0.198414
27/12/2024,-0.187461,-0.168628
30/12/2024,-0.102908,-0.057564
31/12/2024,-0.112211,-0.138453
01/01/2025,0.147768,0.101541
02/01/2025,0.090564,-0.108354
03/01/2025,0.099979,-0.10979
06/01/2025,0.117383,-0.121178
07/01/2025,0.059137,0.050069
08/01/2025,0.040953,-0.1405
09/01/2025,-0.098043,0.029105
10/01/2025,0.139486,-0.131488
13/01/2025,-0.19165,-0.570508
14/01/2025,0.096944,-0.213844
15/01/2025,0.056542,0.017197
16/01/2025,0.008799,-0.021449
17/01/2025,0.17788,-0.089782
20/01/2025,-0.139171,0.027375
21/01/2025,0.100314,0.002547
22/01/2025,-0.155424,0.078886
23/01/2025,0.142501,0.055243
24/01/2025,0.951949,0.272996
27/01/2025,-0.404102,0.147828
28/01/2025,0.006666,-0.023718
29/01/2025,0.103545,-0.012082
30/01/2025,-0.151564,-0.108242
31/01/2025,-0.030107,-0.097324
03/02/2025,-0.067283,-0.133234
04/02/2025,0.033015,-0.168208
05/02/2025,0.055585,0.076427
06/02/2025,0.005414,-0.080293
07/02/2025,0.000552,-0.189491
10/02/2025,0.109317,0.121255
11/02/2025,-0.085578,-0.151373
12/02/2025,-0.27767,0.077381
13/02/2025,0.196962,0.067333
14/02/2025,-0.246015,-0.116585
17/02/2025,0.121323,0.025225
18/02/2025,0.010824,0.006175
19/02/2025,-0.191032,0.153674
20/02/2025,0.174256,0.006214
21/02/2025,0.087475,-0.045471
24/02/2025,-0.177686,-0.100272
25/02/2025,-0.066304,0.154623
26/02/2025,0.172152,-0.621607
27/02/2025,-0.052177,0.093571
28/02/2025,-0.282605,-0.20783
03/03/2025,-0.043284,0.235346
04/03/2025,0.116759,-0.104692
05/03/2025,0.015673,-0.08639
06/03/2025,0.339104,0.086505
07/03/2025,-0.24239,-0.140017
10/03/2025,0.119289,-0.136574
11/03/2025,-0.143547,0.079141
12/03/2025,-0.143417,-0.0572
13/03/2025,0.158788,0.098228
14/03/2025,0.04938,0.125021
17/03/2025,-0.040163,-0.132267
18/03/2025,0.193834,0.1032
19/03/2025,-0.025419,-0.075004
20/03/2025,0.108097,-0.043582
21/03/2025,-0.028108,-0.041288
24/03/2025,0.260458,0.142611
25/03/2025,0.046853,0.078347
26/03/2025,-0.001726,-0.149507
27/03/2025,-0.034305,0.310311
28/03/2025,-0.081158,0.04499
31/03/2025,0.114532,-0.009626
01/04/2025,-0.093938,-0.740971
02/04/2025,0.07573,0.089346
03/04/2025,0.119158,-0.215237
04/04/2025,-0.058688,0.017587
07/04/2025,-0.096975,-0.044612
08/04/2025,0.243605,-0.28708
09/04/2025,0.232744,0.06089
10/04/2025,-0.044334,0.157151
11/04/2025,0.071192,0.140558
14/04/2025,0.026289,-0.25159
15/04/2025,-0.29234,-0.017082
16/04/2025,0.021038,0.278166
17/04/2025,-0.099858,0.01949
18/04/2025,-0.277257,-0.219909
21/04/2025,0.026431,-0.130402
22/04/2025,0.097293,-0.140508
23/04/2025,-0.020239,0.017735
24/04/2025,0.018665,0.148223
25/04/2025,0.273523,0.154081
28/04/2025,-0.030159,-0.215419
29/04/2025,-0.135988,0.260468
30/04/2025,-0.085557,-0.053356
01/05/2025,-0.063805,-0.123586
02/05/2025,0.126973,0.058891
05/05/2025,-0.05112,-0.01067
06/05/2025,-0.273683,0.101204
07/05/2025,0.088771,-0.333564
08/05/2025,0.195073,-0.123426
09/05/2025,-0.095771,0.122021
12/05/2025,0.075095,-0.075253
13/05/2025,0.025002,0.004004
14/05/2025,-0.004762,-0.063889
15/05/2025,0.022547,0.046245
16/05/2025,-0.080291,-0.015789
19/05/2025,-0.085954,0.090146
20/05/2025,0.089689,0.146615
21/05/2025,0.03658,-0.133721
22/05/2025,0.124156,-0.006546
23/05/2025,0.257114,-0.041771
26/05/2025,-0.139896,-0.02701
27/05/2025,-0.245965,0.190857
28/05/2025,0.147374,-0.238322
29/05/2025,-0.125151,0.076871
30/05/2025,0.052726,0.168802
02/06/2025,-0.056116,0.165607
03/06/2025,0.075782,-0.042878
04/06/2025,0.009711,-0.079588
05/06/2025,-0.11338,0.024558
06/06/2025,-0.037759,0.691254
09/06/2025,0.245471,-0.077338
10/06/2025,0.039119,-0.081295
11/06/2025,0.188317,0.064742
12/06/2025,-0.101027,-0.144934
13/06/2025,-0.130212,0.071485
16/06/2025,0.145413,0.179766
17/06/2025,-0.342368,-0.148198
18/06/2025,0.121957,-0.219747
19/06/2025,-0.02218,0.00247
20/06/2025,0.332515,0.071635
23/06/2025,0.070163,0.12529
24/06/2025,-0.102919,0.098687
25/06/2025,0.316802,-0.077573
26/06/2025,0.010528,0.260195
27/06/2025,-0.140126,0.099708
30/06/2025,0.021811,0.054958
01/07/2025,0.08896,-0.028842
02/07/2025,-0.006334,-0.203859
03/07/2025,-0.115517,0.092935
04/07/2025,-0.02195,-0.090588
07/07/2025,-0.005764,0.070307
08/07/2025,0.258035,-0.218894
09/07/2025,-0.121882,-0.082226
10/07/2025,0.059746,0.215896
11/07/2025,0.079367,0.067251
14/07/2025,-0.132645,-0.090656
15/07/2025,-0.152882,-0.058061
16/07/2025,-0.116686,-0.4867
17/07/2025,-0.165028,0.013285
18/07/2025,0.409802,0.375845
21/07/2025,-0.004952,0.098057
22/07/2025,0.25767,0.340012
23/07/2025,-0.225138,-0.140458
24/07/2025,0.139016,0.009974
25/07/2025,0.253051,-0.146632
28/07/2025,-0.091541,0.077934
29/07/2025,0.086795,0.424273
30/07/2025,-0.039235,-0.104259
31/07/2025,0.118286,0.026371
01/08/2025,-0.158729,-0.323617
04/08/2025,-0.292829,0.185609
05/08/2025,0.018859,-0.319957
06/08/2025,0.021348,0.349836
07/08/2025,-0.003336,-0.063751
08/08/2025,-0.113074,-0.151199
11/08/2025,0.026766,0.121605
12/08/2025,-0.08335,-0.03774
13/08/2025,-0.090617,0.165584
14/08/2025,-0.003148,0.050148
15/08/2025,-0.204656,0.077265
18/08/2025,-0.065988,-0.105428
19/08/2025,-0.210672,0.025079
20/08/2025,0.172813,0.005111
21/08/2025,0.129107,-0.347628
22/08/2025,0.03789,-0.03797
25/08/2025,0.046058,0.198723
26/08/2025,-0.038381,-0.023686
27/08/2025,0.108747,0.027876
28/08/2025,-0.222911,0.021437
29/08/2025,-0.077512,0.184181
01/09/2025,-0.026871,0.24966
02/09/2025,-0.111358,-0.132421
03/09/2025,0.133781,-0.029797
04/09/2025,-0.055889,0.131923
05/09/2025,-0.058395,-0.187479
08/09/2025,0.155382,0.106214
09/09/2025,-0.067181,0.143021
10/09/2025,-0.024219,0.229681
11/09/2025,0.158821,-0.08834
12/09/2025,0.059801,0.275114
15/09/2025,0.032185,0.008646
16/09/2025,0.049522,0.107533
17/09/2025,0.294314,0.245724
18/09/2025,0.059676,0.250708
19/09/2025,0.124723,-0.059379
22/09/2025,0.040578,0.093688
23/09/2025,0.135704,0.222505
24/09/2025,-0.196152,-0.096332
25/09/2025,-0.058853,0.047453
26/09/2025,0.165036,-0.265106
29/09/2025,-0.308298,-0.056486
30/09/2025,0.117284,-0.076124
01/10/2025,0.249094,0.120622
02/10/2025,-0.091145,0.105038
03/10/2025,0.022437,-0.051537
06/10/2025,-0.002231,-0.028341
07/10/2025,0.013816,-0.126487
08/10/2025,0.228669,-0.083465
09/10/2025,-0.079139,-0.171852
10/10/2025,0.007003,-0.143742
13/10/2025,0.029952,0.250499
14/10/2025,-0.024036,-0.01401
15/10/2025,-0.068134,0.175261
16/10/2025,-0.436358,-0.171826
17/10/2025,-0.233956,0.082369
20/10/2025,0.060179,-0.071123
21/10/2025,0.08097,-0.102432
22/10/2025,0.072962,0.024612
23/10/2025,0.121721,-0.038681
24/10/2025,0.192077,0.058054
27/10/2025,-0.240842,-0.18542
28/10/2025,-0.073624,-0.172089
29/10/2025,-0.043996,0.137291
30/10/2025,-0.021674,0.073327
31/10/2025,-0.088268,0.105956
03/11/2025,0.256524,0.018309
04/11/2025,-0.05284,0.051136
05/11/2025,0.057492,-0.096483
06/11/2025,-0.059949,0.022628
07/11/2025,0.010678,0.036793
10/11/2025,-0.182399,0.018309
11/11/2025,-0.118926,0.252935
12/11/2025,0.115784,0.127401
13/11/2025,0.041499,-0.000242
14/11/2025,-0.117464,0.107711
17/11/2025,-0.043041,0.215884
18/11/2025,0.007475,-0.020645
19/11/2025,0.042547,-0.055647
20/11/2025,0.089932,0.017407
21/11/2025,-0.037087,0.065762
24/11/2025,0.173976,0.06469
25/11/2025,-0.468099,-0.161591
26/11/2025,0.361395,0.075345
27/11/2025,0.103019,0.147974
28/11/2025,0.184918,-0.216746
01/12/2025,-0.125739,0.198388
02/12/2025,-0.031568,-0.077675
03/12/2025,0.003987,0.129523
04/12/2025,-0.095175,0.008682
05/12/2025,-0.250233,-0.251239
08/12/2025,-0.056125,0.00086
09/12/2025,0.038145,-0.02409
10/12/2025,-0.002335,0.234017
11/12/2025,-0.039089,0.061221
12/12/2025,0.120432,0.13016
