Date,Brent_M3,Gasoil_M3
01/01/2016,0.432,0.823
04/01/2016,0.226,-0.462
05/01/2016,0.054,0.677
06/01/2016,1.497,1.26
07/01/2016,-0.524,-0.657
08/01/2016,0.46,0.423
11/01/2016,-0.622,-0.8
12/01/2016,0.356,0.143
13/01/2016,-1.601,-0.335
14/01/2016,-0.63,-0.308
15/01/2016,-0.702,-0.019
18/01/2016,0.102,0.791
19/01/2016,0.889,0.492
20/01/2016,-0.002,-0.489
21/01/2016,-0.007,-0.369
22/01/2016,0.685,-0.639
25/01/2016,1.318,0.735
26/01/2016,-0.27,-0.35
27/01/2016,-0.321,-0.025
28/01/2016,0.556,0.537
29/01/2016,0.946,0.001
01/02/2016,0.414,0.499
02/02/2016,-0.091,-0.071
03/02/2016,-1.339,-1.047
04/02/2016,-1.142,0.024
05/02/2016,0.979,0.494
08/02/2016,-0.692,-1.057
09/02/2016,-0.192,0.219
10/02/2016,-0.864,-0.062
11/02/2016,-1.042,-0.481
12/02/2016,0.158,0.526
15/02/2016,0.115,-0.52
16/02/2016,-0.969,-0.6
17/02/2016,0.071,-0.084
18/02/2016,0.717,0.692
19/02/2016,0.162,-0.268
22/02/2016,-0.427,-0.908
23/02/2016,0.805,1.159
24/02/2016,0.351,0.295
25/02/2016,0.842,0.012
26/02/2016,-0.478,-0.753
29/02/2016,-1.11,-0.493
01/03/2016,0.342,-0.25
02/03/2016,0.674,-0.105
03/03/2016,-1.124,-1.078
04/03/2016,-0.3,-0.84
07/03/2016,-0.479,0.056
08/03/2016,0.049,0.461
09/03/2016,0.834,0.193
10/03/2016,0.065,-0.183
11/03/2016,-0.031,-0.834
14/03/2016,-0.978,0.224
15/03/2016,0.042,0.107
16/03/2016,0.202,-0.646
17/03/2016,0.093,-0.592
18/03/2016,0.136,0.758
21/03/2016,0.507,0.619
22/03/2016,-0.348,-0.281
23/03/2016,0.748,0.55
24/03/2016,-0.573,-1.509
25/03/2016,0.2,-0.15
28/03/2016,-0.186,0.223
29/03/2016,-0.646,-0.829
30/03/2016,-0.71,-0.367
31/03/2016,-0.113,-0.33
01/04/2016,0.86,0.202
04/04/2016,0.447,0.485
05/04/2016,-0.369,-0.179
06/04/2016,0.081,0.841
07/04/2016,-0.641,-0.656
08/04/2016,0.378,0.433
11/04/2016,-0.649,-0.462
12/04/2016,-0.393,-0.381
13/04/2016,-0.542,0.141
14/04/2016,-0.007,0.069
15/04/2016,-0.165,-0.081
18/04/2016,1.194,0.177
19/04/2016,0.657,0.53
20/04/2016,-0.236,-0.456
21/04/2016,-0.75,-0.704
22/04/2016,-0.141,-0.237
25/04/2016,-0.112,0.202
26/04/2016,0.08,-0.416
27/04/2016,-0.736,-1.18
28/04/2016,0.019,-0.222
29/04/2016,0.772,0.705
02/05/2016,0.544,0.425
03/05/2016,-0.37,0.276
04/05/2016,-0.114,-0.209
05/05/2016,0.344,0.372
06/05/2016,-0.207,0.392
09/05/2016,-0.649,-0.542
10/05/2016,1.023,-0.273
11/05/2016,0.708,0.018
12/05/2016,0.129,0.274
13/05/2016,-0.197,-0.042
16/05/2016,-0.179,-0.167
17/05/2016,0.831,-0.775
18/05/2016,0.231,0.04
19/05/2016,0.449,0.235
20/05/2016,-0.222,-0.506
23/05/2016,-1.393,-0.92
24/05/2016,-0.054,-0.058
25/05/2016,0.347,-0.119
26/05/2016,0.137,0.1
27/05/2016,-0.195,0.047
30/05/2016,0.638,0.058
31/05/2016,0.043,0.726
01/06/2016,-0.499,-0.317
02/06/2016,0.143,0.213
03/06/2016,0.873,0.562
06/06/2016,0.495,0.212
07/06/2016,-0.087,-0.839
08/06/2016,0.975,0.087
09/06/2016,0.794,0.773
10/06/2016,0.799,1.073
13/06/2016,0.426,0.398
14/06/2016,0.13,-0.061
15/06/2016,-0.472,-0.427
16/06/2016,-0.239,-0.365
17/06/2016,-0.311,-0.168
20/06/2016,0.271,-0.325
21/06/2016,-0.1,-0.256
22/06/2016,0.184,-0.882
23/06/2016,0.842,0.716
24/06/2016,-0.931,-0.592
27/06/2016,0.72,-0.064
28/06/2016,-0.255,-0.34
29/06/2016,-0.559,-0.313
30/06/2016,-0.631,0.806
01/07/2016,-0.139,-0.158
04/07/2016,0.419,0.039
05/07/2016,-0.394,-0.426
06/07/2016,-0.275,-0.209
07/07/2016,-1.034,-0.754
08/07/2016,0.87,0.202
11/07/2016,-0.601,-0.85
12/07/2016,0.954,0.509
13/07/2016,-0.289,-0.935
14/07/2016,0.627,0.265
15/07/2016,1.146,0.497
18/07/2016,1.056,0.72
19/07/2016,0.514,0.178
20/07/2016,0.729,1.129
21/07/2016,1.037,0.909
22/07/2016,0.649,0.799
25/07/2016,-0.146,-0.564
26/07/2016,0.971,1.107
27/07/2016,-1.047,-0.776
28/07/2016,-0.329,0.002
29/07/2016,0.021,-0.296
01/08/2016,0.336,0.627
02/08/2016,-0.047,0.552
03/08/2016,0.39,0.786
04/08/2016,-0.146,-0.118
05/08/2016,-0.784,-0.483
08/08/2016,0.404,0.591
09/08/2016,-0.751,-0.734
10/08/2016,0.172,-0.117
11/08/2016,0.093,0.274
12/08/2016,0.771,0.174
15/08/2016,0.604,-0.073
16/08/2016,-0.045,-0.326
17/08/2016,0.985,0.73
18/08/2016,0.217,0.444
19/08/2016,-0.298,0.496
22/08/2016,0.264,0.268
23/08/2016,-0.013,0.035
24/08/2016,-0.229,-0.046
25/08/2016,-0.116,-0.851
26/08/2016,0.239,-0.009
29/08/2016,-0.277,-0.422
30/08/2016,1.023,0.88
31/08/2016,0.171,0.099
01/09/2016,0.473,1.16
02/09/2016,0.308,0.185
05/09/2016,0.809,0.358
06/09/2016,0.959,0.694
07/09/2016,0.121,0.995
08/09/2016,1.447,0.734
09/09/2016,0.233,0.4
12/09/2016,0.27,0.44
13/09/2016,0.477,0.5
14/09/2016,-0.654,-0.975
15/09/2016,-0.267,-0.111
16/09/2016,1.442,0.979
19/09/2016,-0.419,-0.285
20/09/2016,0.482,0.669
21/09/2016,0.219,0.377
22/09/2016,0.199,-0.177
23/09/2016,-0.155,-0.676
26/09/2016,1.149,0.503
27/09/2016,0.345,0.285
28/09/2016,0.302,0.584
29/09/2016,0.23,-0.099
30/09/2016,-0.729,-0.071
03/10/2016,0.102,-0.005
04/10/2016,1.191,0.748
05/10/2016,0.279,0.324
06/10/2016,-0.044,0.216
07/10/2016,-0.738,-0.851
10/10/2016,0.527,-0.145
11/10/2016,-0.077,0.35
12/10/2016,1.195,0.749
13/10/2016,-0.072,0.226
14/10/2016,-0.257,-0.138
17/10/2016,0.174,0.306
18/10/2016,-0.031,-0.763
19/10/2016,-0.409,-0.523
20/10/2016,0.91,-0.568
21/10/2016,0.707,1.217
24/10/2016,0.697,0.314
25/10/2016,0.468,0.117
26/10/2016,-0.406,0.385
27/10/2016,0.307,0.365
28/10/2016,0.383,1.011
31/10/2016,0.253,-0.203
01/11/2016,-0.862,-0.132
02/11/2016,0.015,-0.491
03/11/2016,-1.035,-0.803
04/11/2016,-0.615,-0.839
07/11/2016,0.355,0.259
08/11/2016,-0.413,-0.288
09/11/2016,0.671,0.759
10/11/2016,-0.885,-0.806
11/11/2016,0.141,-0.463
14/11/2016,1.052,0.506
15/11/2016,0.268,0.212
16/11/2016,-0.412,0.365
17/11/2016,-0.294,0.418
18/11/2016,-0.298,0.328
21/11/2016,1.174,0.716
22/11/2016,-0.423,-0.438
23/11/2016,-0.564,-0.326
24/11/2016,-0.795,-0.4
25/11/2016,-0.848,0.081
28/11/2016,-0.681,-0.145
29/11/2016,0.057,-0.249
30/11/2016,0.218,0.539
01/12/2016,1.622,0.912
02/12/2016,0.949,0.684
05/12/2016,1.497,1.749
06/12/2016,-0.684,0.382
07/12/2016,-0.957,-0.378
08/12/2016,-1.136,-1.21
09/12/2016,1.075,0.64
12/12/2016,0.707,0.562
13/12/2016,0.633,0.789
14/12/2016,-0.111,-0.118
15/12/2016,-0.018,-0.13
16/12/2016,-0.226,-0.235
19/12/2016,-0.266,0.209
20/12/2016,-1.054,-0.296
21/12/2016,0.654,0.409
22/12/2016,1.142,1.037
23/12/2016,-0.006,0.01
26/12/2016,-0.876,-0.903
27/12/2016,0.431,0.575
28/12/2016,-0.175,0.058
29/12/2016,-0.032,0.154
30/12/2016,1.419,0.906
02/01/2017,0.601,0.3
03/01/2017,0.354,0.427
04/01/2017,0.09,-0.591
05/01/2017,-0.505,-0.198
06/01/2017,0.077,-0.481
09/01/2017,-0.24,-0.294
10/01/2017,-1.058,-0.179
11/01/2017,-0.913,-0.812
12/01/2017,-0.153,0.17
13/01/2017,0.945,0.215
16/01/2017,-0.248,0.382
17/01/2017,-0.21,0.581
18/01/2017,2.011,1.118
19/01/2017,0.021,0.363
20/01/2017,0.04,0.077
23/01/2017,0.387,-0.52
24/01/2017,-0.47,-0.737
25/01/2017,-0.418,-0.524
26/01/2017,-0.57,-0.445
27/01/2017,-0.115,0.076
30/01/2017,0.911,0.785
31/01/2017,-1.268,-0.389
01/02/2017,0.154,0.482
02/02/2017,-0.427,0.092
03/02/2017,-0.082,-0.066
06/02/2017,-0.965,-0.633
07/02/2017,-1.14,-0.473
08/02/2017,0.353,0.254
09/02/2017,-0.897,-0.815
10/02/2017,0.661,0.007
13/02/2017,-0.389,-0.263
14/02/2017,0.354,0.624
15/02/2017,0.192,-0.595
16/02/2017,-0.466,0.222
17/02/2017,-1.342,-1.074
20/02/2017,-0.471,0.358
21/02/2017,-0.036,0.232
22/02/2017,0.793,0.163
23/02/2017,-0.013,-0.584
24/02/2017,-0.363,-0.796
27/02/2017,-0.087,-0.344
28/02/2017,-0.708,-0.474
01/03/2017,-0.753,-0.998
02/03/2017,-0.321,-0.425
03/03/2017,-0.524,0.265
06/03/2017,-0.178,-0.633
07/03/2017,-0.377,-0.385
08/03/2017,0.066,0.506
09/03/2017,0.519,0.263
10/03/2017,0.029,0.432
13/03/2017,-0.385,-0.28
14/03/2017,0.324,-0.246
15/03/2017,0.684,0.343
16/03/2017,-0.294,0.558
17/03/2017,0.448,0.294
20/03/2017,1.202,1.244
21/03/2017,1.183,0.702
22/03/2017,0.096,-0.903
23/03/2017,-0.098,0.109
24/03/2017,-0.456,-0.966
27/03/2017,-0.013,0.836
28/03/2017,0.203,0.063
29/03/2017,0.688,0.128
30/03/2017,0.165,0.507
31/03/2017,-0.114,-0.784
03/04/2017,-0.167,-0.403
04/04/2017,-0.272,-0.32
05/04/2017,-0.15,-0.206
06/04/2017,1.266,1.151
07/04/2017,0.713,0.937
10/04/2017,0.54,0.152
11/04/2017,-0.117,0.4
12/04/2017,-0.35,0.438
13/04/2017,-1.182,-0.205
14/04/2017,0.363,-0.205
17/04/2017,-0.401,-0.652
18/04/2017,-0.008,0.148
19/04/2017,0.598,1.154
20/04/2017,-0.384,-0.242
21/04/2017,-0.622,-0.468
24/04/2017,0.022,-0.148
25/04/2017,0.445,0.604
26/04/2017,-0.227,0.313
27/04/2017,0.099,-0.128
28/04/2017,0.997,0.818
01/05/2017,0.089,0.125
02/05/2017,0.741,1.128
03/05/2017,-0.288,-0.638
04/05/2017,-0.766,-0.31
05/05/2017,0.1,-0.335
08/05/2017,-0.795,-0.578
09/05/2017,-0.009,0.357
10/05/2017,-0.761,-0.799
11/05/2017,-0.816,0.21
12/05/2017,0.766,0.518
15/05/2017,0.521,0.333
16/05/2017,0.077,0.242
17/05/2017,0.574,0.125
18/05/2017,-0.398,-0.258
19/05/2017,-0.622,-0.303
22/05/2017,-0.299,-0.641
23/05/2017,-0.076,0.594
24/05/2017,-0.208,0.208
25/05/2017,-0.249,-0.033
26/05/2017,-0.491,1.093
29/05/2017,0.053,0.327
30/05/2017,1.119,1.455
31/05/2017,0.636,0.536
01/06/2017,0.345,0.309
02/06/2017,0.384,0.289
05/06/2017,0.142,0.232
06/06/2017,-0.206,0.433
07/06/2017,-0.57,-0.126
08/06/2017,0.134,0.688
09/06/2017,-0.481,-0.544
12/06/2017,-0.61,-0.993
13/06/2017,0.767,1.173
14/06/2017,0.217,0.528
15/06/2017,0.641,0.038
16/06/2017,-0.339,-1.037
19/06/2017,1.459,0.317
20/06/2017,1.901,0.991
21/06/2017,1.408,1.295
22/06/2017,1.735,0.981
23/06/2017,-1.191,-0.905
26/06/2017,0.014,-0.654
27/06/2017,0.141,0.052
28/06/2017,0.967,0.879
29/06/2017,-0.574,-0.615
30/06/2017,0.604,-0.305
03/07/2017,0.402,0.856
04/07/2017,0.629,0.137
05/07/2017,0.41,0.19
06/07/2017,0.666,0.59
07/07/2017,0.866,1.128
10/07/2017,0.29,0.885
11/07/2017,0.268,-0.172
12/07/2017,-0.035,-0.823
13/07/2017,0.32,0.226
14/07/2017,0.718,-0.31
17/07/2017,0.449,0.489
18/07/2017,0.6,1.226
19/07/2017,-0.15,-0.186
20/07/2017,-0.129,0.613
21/07/2017,-0.641,-0.311
24/07/2017,0.482,1.246
25/07/2017,-0.464,-0.413
26/07/2017,0.5,0.39
27/07/2017,0.832,0.484
28/07/2017,0.194,-0.665
31/07/2017,-0.04,0.027
01/08/2017,0.293,-0.241
02/08/2017,0.504,0.921
03/08/2017,0.396,0.997
04/08/2017,0.171,0.54
07/08/2017,0.606,-0.045
08/08/2017,-0.372,-0.363
09/08/2017,-1.159,-0.496
10/08/2017,0.059,-0.144
11/08/2017,0.075,0.136
14/08/2017,0.256,0.704
15/08/2017,0.437,0.228
16/08/2017,0.419,0.375
17/08/2017,0.37,0.405
18/08/2017,-1.525,-1.339
21/08/2017,0.456,-0.278
22/08/2017,0.529,-0.175
23/08/2017,0.217,0.222
24/08/2017,1.076,0.94
25/08/2017,0.177,-0.506
28/08/2017,0.701,-0.416
29/08/2017,-0.812,-0.621
30/08/2017,0.257,0.182
31/08/2017,-0.662,-0.576
01/09/2017,-0.425,0.255
04/09/2017,0.36,-0.092
05/09/2017,0.159,0.631
06/09/2017,0.284,0.017
07/09/2017,-0.576,-0.111
08/09/2017,0.532,-0.053
11/09/2017,1.405,0.381
12/09/2017,0.616,0.031
13/09/2017,-0.987,-0.869
14/09/2017,0.602,1.241
15/09/2017,-0.156,0.221
18/09/2017,-0.447,-0.183
19/09/2017,-0.522,-0.172
20/09/2017,0.504,0.634
21/09/2017,-0.249,-0.449
22/09/2017,-0.632,-0.248
25/09/2017,-1.126,-1.042
26/09/2017,-0.01,-0.008
27/09/2017,0.653,-0.515
28/09/2017,0.423,0.404
29/09/2017,0.418,0.065
02/10/2017,0.596,0.204
03/10/2017,0.626,0.289
04/10/2017,0.083,0.391
05/10/2017,-0.419,0.017
06/10/2017,-0.115,-0.375
09/10/2017,-0.377,-0.47
10/10/2017,-0.193,0.27
11/10/2017,-0.104,0.216
12/10/2017,0.676,0.816
13/10/2017,0.52,0.923
16/10/2017,0.64,-0.36
17/10/2017,0.335,0.179
18/10/2017,-0.197,0.049
19/10/2017,0.019,0.368
20/10/2017,2.074,1.593
23/10/2017,1.15,0.382
24/10/2017,-0.457,-0.167
25/10/2017,0.343,0.722
26/10/2017,0.142,0.07
27/10/2017,0.642,0.139
30/10/2017,-19.779,-17.527
31/10/2017,-1.6,-2.345
01/11/2017,-0.194,0.077
02/11/2017,0.371,0.371
03/11/2017,1.33,0.515
06/11/2017,0.466,0.307
07/11/2017,0.236,-0.392
08/11/2017,0.487,0.068
09/11/2017,-0.578,0.189
10/11/2017,-0.585,-1.126
13/11/2017,0.237,-0.355
14/11/2017,-0.101,0.118
15/11/2017,-0.154,-0.073
16/11/2017,-1.071,-0.722
17/11/2017,0.138,0.097
20/11/2017,-0.493,-0.131
21/11/2017,0.528,-0.106
22/11/2017,0.914,0.644
23/11/2017,1.003,0.855
24/11/2017,0.24,0.613
27/11/2017,1.284,0.351
28/11/2017,0.044,0.241
29/11/2017,-0.177,-0.603
30/11/2017,0.157,-0.441
01/12/2017,0.467,0.62
04/12/2017,-0.178,-0.622
05/12/2017,0.231,-0.642
06/12/2017,0.571,-0.187
07/12/2017,0.88,0.131
08/12/2017,-0.364,-0.078
11/12/2017,0.196,0.478
12/12/2017,-0.204,-0.147
13/12/2017,-1.022,-1.483
14/12/2017,0.041,-0.198
15/12/2017,0.253,0.256
18/12/2017,0.387,0.019
19/12/2017,-0.361,0.255
20/12/2017,-0.747,-0.421
21/12/2017,0.437,0.439
22/12/2017,-0.684,-0.086
25/12/2017,-0.227,-0.358
26/12/2017,-0.043,0.208
27/12/2017,0.08,-0.704
28/12/2017,-0.564,-0.42
29/12/2017,0.548,0.242
01/01/2018,0.797,0.301
02/01/2018,0.913,0.996
03/01/2018,0.59,0.619
04/01/2018,0.193,0.337
05/01/2018,0.605,0.593
08/01/2018,-0.337,0.047
09/01/2018,-0.685,-1.568
10/01/2018,0.038,-0.347
11/01/2018,1.081,1.151
12/01/2018,-0.538,-0.513
15/01/2018,-0.186,-0.145
16/01/2018,-0.356,-0.011
17/01/2018,-0.514,-0.17
18/01/2018,-0.674,-0.511
19/01/2018,-0.384,-0.678
22/01/2018,-1.033,-0.65
23/01/2018,0.654,-0.417
24/01/2018,0.568,-0.134
25/01/2018,-0.352,0.312
26/01/2018,0.011,-0.021
29/01/2018,-0.484,-0.234
30/01/2018,1.129,1.084
31/01/2018,-0.098,-0.257
01/02/2018,-0.511,-0.576
02/02/2018,-1.16,0.186
05/02/2018,0.465,-0.343
06/02/2018,0.641,-0.216
07/02/2018,-0.607,0.133
08/02/2018,-0.435,-0.276
09/02/2018,0.012,0.68
12/02/2018,-0.335,-0.092
13/02/2018,-0.187,-0.077
14/02/2018,0.072,-0.255
15/02/2018,-0.846,-0.744
16/02/2018,-0.444,-0.559
19/02/2018,0.481,-0.626
20/02/2018,0.791,0.577
21/02/2018,0.313,1.21
22/02/2018,1.057,1.138
23/02/2018,-0.978,-0.51
26/02/2018,0.181,-0.163
27/02/2018,-0.186,-0.532
28/02/2018,-0.065,0.263
01/03/2018,0.276,0.285
02/03/2018,0.316,-0.111
05/03/2018,-0.647,0.024
06/03/2018,0.256,0.29
07/03/2018,-0.029,0.199
08/03/2018,0.497,0.369
09/03/2018,-0.291,0.049
12/03/2018,1.465,1.375
13/03/2018,-0.222,0.203
14/03/2018,0.493,0.21
15/03/2018,-0.176,-0.92
16/03/2018,-1.46,-0.19
19/03/2018,-0.454,0.047
20/03/2018,0.921,0.64
21/03/2018,-0.525,-0.228
22/03/2018,0.185,0.224
23/03/2018,-0.203,-0.264
26/03/2018,0.187,0.049
27/03/2018,0.391,0.485
28/03/2018,-1.247,-0.258
29/03/2018,0.441,0.819
30/03/2018,-0.036,-0.23
02/04/2018,0.942,0.229
03/04/2018,0.364,0.321
04/04/2018,0.4,0.023
05/04/2018,0.791,0.913
06/04/2018,-0.224,-0.628
09/04/2018,0.117,-0.899
10/04/2018,0.155,0.475
11/04/2018,0.667,0.512
12/04/2018,-0.45,-0.761
13/04/2018,0.338,0.531
16/04/2018,-0.903,-0.819
17/04/2018,-0.695,-0.054
18/04/2018,-0.059,-0.005
19/04/2018,0.823,0.054
20/04/2018,-0.445,-0.265
23/04/2018,-0.903,-0.362
24/04/2018,0.521,0.047
25/04/2018,-0.071,-0.405
26/04/2018,-0.104,-0.433
27/04/2018,0.692,0.447
30/04/2018,-0.443,-0.306
01/05/2018,-0.382,-0.886
02/05/2018,0.343,0.174
03/05/2018,-1.33,-0.932
04/05/2018,0.541,0.375
07/05/2018,0.061,-0.254
08/05/2018,-0.197,-0.291
09/05/2018,-0.089,0.645
10/05/2018,1.025,0.624
11/05/2018,0.646,0.143
14/05/2018,0.281,0.401
15/05/2018,-0.509,-0.234
16/05/2018,0.344,0.241
17/05/2018,-0.117,-0.114
18/05/2018,-0.676,-0.914
21/05/2018,-0.076,-0.269
22/05/2018,0.081,-0.39
23/05/2018,0.708,0.256
24/05/2018,0.103,0.757
25/05/2018,-0.588,-0.539
28/05/2018,0.364,-0.395
29/05/2018,0.085,0.017
30/05/2018,-0.58,-0.289
31/05/2018,-0.227,-0.151
01/06/2018,0.24,-0.439
04/06/2018,0.024,0.53
05/06/2018,-0.578,-0.261
06/06/2018,-0.147,0.229
07/06/2018,0.99,0.284
08/06/2018,0.304,0.462
11/06/2018,-0.325,0.263
12/06/2018,-0.164,-0.033
13/06/2018,-0.978,-0.342
14/06/2018,0.118,-0.212
15/06/2018,0.739,0.456
18/06/2018,-0.09,0.705
19/06/2018,0.777,0.848
20/06/2018,0.668,0.693
21/06/2018,0.001,-0.277
22/06/2018,-0.441,-0.52
25/06/2018,0.022,-0.081
26/06/2018,-0.353,-0.242
27/06/2018,-1.093,-0.206
28/06/2018,0.101,-0.706
29/06/2018,0.818,1.071
02/07/2018,0.4,0.343
03/07/2018,0.503,0.485
04/07/2018,-0.167,-0.668
05/07/2018,0.955,0.01
06/07/2018,0.357,-0.455
09/07/2018,0.091,0.327
10/07/2018,-1.164,-0.854
11/07/2018,-0.968,-0.651
12/07/2018,0.015,-0.123
13/07/2018,0.143,0.672
16/07/2018,-0.252,0.132
17/07/2018,0.363,0.293
18/07/2018,-1.059,-1.056
19/07/2018,-0.839,-0.882
20/07/2018,-0.575,-0.375
23/07/2018,0.04,0.26
24/07/2018,0.624,0.932
25/07/2018,-0.404,-0.135
26/07/2018,-0.705,-0.657
27/07/2018,-0.025,0.134
30/07/2018,-0.457,-0.232
31/07/2018,0.258,-0.091
01/08/2018,-0.01,-0.42
02/08/2018,0.525,0.124
03/08/2018,0.106,-0.242
06/08/2018,0.828,0.33
07/08/2018,0.156,0.252
08/08/2018,0.318,-0.183
09/08/2018,-0.072,-0.064
10/08/2018,0.254,-0.15
13/08/2018,0.719,0.286
14/08/2018,-1.017,-1.312
15/08/2018,-0.266,-0.539
16/08/2018,0.638,0.257
17/08/2018,-0.202,-0.131
20/08/2018,0.057,0.33
21/08/2018,-0.16,-0.609
22/08/2018,-0.133,-0.384
23/08/2018,-0.593,-0.278
24/08/2018,-0.153,-0.171
27/08/2018,0.311,0.245
28/08/2018,-0.182,-0.544
29/08/2018,0.262,-0.538
30/08/2018,-0.067,-0.522
31/08/2018,0.64,0.809
03/09/2018,0.19,-0.028
04/09/2018,-0.343,0.681
05/09/2018,0.213,0.147
06/09/2018,-0.29,-0.163
07/09/2018,-0.459,-0.356
10/09/2018,-0.479,-0.111
11/09/2018,-0.321,-0.243
12/09/2018,-0.121,-0.256
13/09/2018,-0.119,-0.774
14/09/2018,-0.673,-0.12
17/09/2018,-0.651,-0.516
18/09/2018,-0.153,-0.53
19/09/2018,-0.273,-0.785
20/09/2018,-0.38,-0.221
21/09/2018,-0.137,-0.293
24/09/2018,0.08,-0.918
25/09/2018,-0.351,-0.288
26/09/2018,-0.556,-0.347
27/09/2018,-0.666,-0.876
28/09/2018,-0.217,-0.535
01/10/2018,-0.224,0.15
02/10/2018,-0.53,0.563
03/10/2018,-0.101,0.601
04/10/2018,0.37,-0.059
05/10/2018,1.17,0.822
08/10/2018,0.205,0.669
09/10/2018,0.51,0.313
10/10/2018,-0.515,0.201
11/10/2018,0.321,0.863
12/10/2018,-0.333,-0.384
15/10/2018,-0.31,-0.487
16/10/2018,-1.418,-1.323
17/10/2018,-0.288,-0.343
18/10/2018,1.073,0.865
19/10/2018,-0.239,0.402
22/10/2018,-0.181,-0.164
23/10/2018,0.075,0.253
24/10/2018,0.119,0.556
25/10/2018,-0.986,-0.872
26/10/2018,-0.958,-0.604
29/10/2018,-0.601,-0.427
30/10/2018,-0.424,-0.258
31/10/2018,-0.823,-1.163
01/11/2018,-1.035,-0.189
02/11/2018,-0.085,0.453
05/11/2018,-0.194,-0.079
06/11/2018,0.45,-0.322
07/11/2018,-0.572,0.149
08/11/2018,0.036,0.551
09/11/2018,0.343,-0.057
12/11/2018,-0.839,0.025
13/11/2018,0.37,0.417
14/11/2018,0.856,0.76
15/11/2018,-0.706,0.323
16/11/2018,-1.48,-0.48
19/11/2018,0.348,0.304
20/11/2018,1.19,0.705
21/11/2018,0.88,0.899
22/11/2018,0.882,0.241
23/11/2018,0.447,-0.214
26/11/2018,-0.212,0.046
27/11/2018,0.379,0.025
28/11/2018,0.749,0.999
29/11/2018,-0.22,-0.048
30/11/2018,0.229,0.138
03/12/2018,-0.619,-0.738
04/12/2018,-0.014,0.331
05/12/2018,0.283,-0.631
06/12/2018,1.366,0.755
07/12/2018,-0.392,-0.068
10/12/2018,-0.4,-0.062
11/12/2018,0.395,0.641
12/12/2018,0.553,0.845
13/12/2018,0.207,0.352
14/12/2018,1.386,0.683
17/12/2018,-0.568,-0.23
18/12/2018,0.308,0.954
19/12/2018,0.577,0.522
20/12/2018,0.474,-0.028
21/12/2018,-0.978,-0.19
24/12/2018,-0.413,0.471
25/12/2018,-0.033,0.082
26/12/2018,0.125,-0.439
27/12/2018,-0.416,-0.096
28/12/2018,0.495,-0.314
31/12/2018,0.282,-0.414
01/01/2019,0.511,0.54
02/01/2019,0.546,0.559
03/01/2019,0.479,-0.223
04/01/2019,-0.213,-0.098
07/01/2019,-0.451,-0.426
08/01/2019,0.456,-0.263
09/01/2019,-1.259,-0.54
10/01/2019,0.178,0.217
11/01/2019,1.607,1.88
14/01/2019,-0.197,0.278
15/01/2019,0.423,0.053
16/01/2019,0.742,0.878
17/01/2019,-0.789,-0.272
18/01/2019,-0.081,-0.142
21/01/2019,0.769,0.409
22/01/2019,0.171,-0.087
23/01/2019,-1.235,-0.476
24/01/2019,0.564,0.156
25/01/2019,0,0.518
28/01/2019,0.162,0.406
29/01/2019,0.285,0.561
30/01/2019,-0.526,0.084
31/01/2019,-1.216,-0.452
01/02/2019,0.305,0.249
04/02/2019,0.749,0.513
05/02/2019,0.213,0.075
06/02/2019,0.259,0.625
07/02/2019,-0.616,-0.144
08/02/2019,0.678,0.646
11/02/2019,0.28,0.704
12/02/2019,1.174,0.779
13/02/2019,0.699,0.341
14/02/2019,0.238,-1.013
15/02/2019,-0.061,0.22
18/02/2019,-0.537,-0.641
19/02/2019,0.47,0.467
20/02/2019,-0.116,-0.042
21/02/2019,2.459,1.491
22/02/2019,0.613,0.835
25/02/2019,1.259,0.723
26/02/2019,0.596,-0.242
27/02/2019,-0.147,-0.445
28/02/2019,-0.807,-0.995
01/03/2019,0.206,0.526
04/03/2019,0.176,0.78
05/03/2019,-0.034,-0.059
06/03/2019,-0.51,0.867
07/03/2019,-0.469,-0.175
08/03/2019,-0.267,0.286
11/03/2019,1.042,0.864
12/03/2019,2.046,1.479
13/03/2019,-0.645,0.066
14/03/2019,-0.54,-0.038
15/03/2019,1.039,0.591
18/03/2019,-0.551,-0.891
19/03/2019,0.283,-0.135
20/03/2019,0.711,0.426
21/03/2019,0.225,0.626
22/03/2019,-0.363,0.171
25/03/2019,0.331,0.956
26/03/2019,-0.497,0.515
27/03/2019,0.523,-0.087
28/03/2019,-0.615,-0.643
29/03/2019,1.111,1.198
01/04/2019,-0.333,0.173
02/04/2019,1.959,2.165
03/04/2019,0.006,0.845
04/04/2019,0.829,1.039
05/04/2019,-0.064,-0.217
08/04/2019,0.553,0.375
09/04/2019,0.486,-0.125
10/04/2019,-0.257,-0.789
11/04/2019,-0.074,-0.893
12/04/2019,0.195,-0.078
15/04/2019,-0.21,0.264
16/04/2019,0.253,0.152
17/04/2019,-0.007,0.326
18/04/2019,0.894,0.433
19/04/2019,0.773,1.495
22/04/2019,1.189,0.282
23/04/2019,0.957,0.259
24/04/2019,-0.812,-0.97
25/04/2019,0.19,-0.71
26/04/2019,0.269,-0.494
29/04/2019,0.424,-0.148
30/04/2019,-0.268,-0.009
01/05/2019,1.073,0.417
02/05/2019,-0.048,0.194
03/05/2019,-0.762,-0.833
06/05/2019,0.676,0.694
07/05/2019,0.606,0.043
08/05/2019,-0.889,-0.47
09/05/2019,0.387,0.294
10/05/2019,0.184,0.166
13/05/2019,0.731,-0.339
14/05/2019,0.64,0.281
15/05/2019,0.541,-0.166
16/05/2019,-0.17,-0.358
17/05/2019,0.603,0.115
20/05/2019,-0.076,-0.004
21/05/2019,-0.476,-0.194
22/05/2019,-0.52,-0.194
23/05/2019,0.776,0.639
24/05/2019,0.63,1.104
27/05/2019,-0.422,0.311
28/05/2019,0.763,0.676
29/05/2019,-0.011,-0.215
30/05/2019,-0.541,0.142
31/05/2019,1.21,-0.046
03/06/2019,-0.467,-0.795
04/06/2019,-0.824,-0.408
05/06/2019,-0.041,0.174
06/06/2019,0.527,0.495
07/06/2019,-0.158,-0.456
10/06/2019,0.157,0.232
11/06/2019,-0.592,-0.484
12/06/2019,0.439,0.18
13/06/2019,-0.39,-0.768
14/06/2019,0.197,-0.206
17/06/2019,0.145,0.136
18/06/2019,-0.088,-0.974
19/06/2019,-0.147,-0.662
20/06/2019,-0.405,-0.071
21/06/2019,-0.704,-0.559
24/06/2019,-0.334,-0.637
25/06/2019,-0.435,0.164
26/06/2019,0.476,0.517
27/06/2019,0.497,0.356
28/06/2019,-0.026,-0.176
01/07/2019,0.236,-0.034
02/07/2019,1.012,0.96
03/07/2019,-0.381,0.346
04/07/2019,0.373,-0.28
05/07/2019,0.428,0.522
08/07/2019,0.202,0.286
09/07/2019,-0.061,0.801
10/07/2019,-0.67,-1.009
11/07/2019,-0.6,-0.516
12/07/2019,0.247,-0.284
15/07/2019,-1.014,-0.459
16/07/2019,0.291,0.81
17/07/2019,0.289,-0.053
18/07/2019,0.21,0.725
19/07/2019,0.012,-0.203
22/07/2019,0.566,0.277
23/07/2019,0.363,0.422
24/07/2019,0.057,-0.256
25/07/2019,1.271,0.485
26/07/2019,-0.214,-0.602
29/07/2019,0.147,-0.661
30/07/2019,-0.456,0.284
31/07/2019,0.622,0.893
01/08/2019,-0.146,0.289
02/08/2019,0.079,0.162
05/08/2019,-0.201,-0.074
06/08/2019,0.262,0.505
07/08/2019,-0.637,-0.039
08/08/2019,-0.036,-0.503
09/08/2019,0.768,0.822
12/08/2019,0.541,0.93
13/08/2019,0.13,0.607
14/08/2019,-1.219,-0.953
15/08/2019,-0.271,0.298
16/08/2019,-0.963,0.034
19/08/2019,-0.075,-0.212
20/08/2019,0.079,-0.186
21/08/2019,0.211,-0.292
22/08/2019,-0.544,-0.277
23/08/2019,-0.258,-0.244
26/08/2019,-0.145,0.482
27/08/2019,-0.556,-0.446
28/08/2019,0.694,0.081
29/08/2019,0.016,-0.293
30/08/2019,-0.363,-0.488
02/09/2019,-0.307,-0.212
03/09/2019,-0.121,-1.085
04/09/2019,-0.242,0.533
05/09/2019,1.2,1.566
06/09/2019,-0.428,0.207
09/09/2019,-0.301,0.334
10/09/2019,-0.735,-0.48
11/09/2019,0.474,0.743
12/09/2019,0.795,0.579
13/09/2019,-0.614,-0.031
16/09/2019,0.025,0.213
17/09/2019,1.17,0.848
18/09/2019,-1.017,-0.323
19/09/2019,-0.241,-0.299
20/09/2019,-0.329,-0.364
23/09/2019,-0.264,-0.197
24/09/2019,0.312,0.509
25/09/2019,0.424,0.72
26/09/2019,0.768,0.376
27/09/2019,1.819,1.481
30/09/2019,-0.006,0.196
01/10/2019,-0.272,-0.947
02/10/2019,-0.364,-0.583
03/10/2019,0.195,0.074
04/10/2019,0.544,0.077
07/10/2019,-0.481,-0.088
08/10/2019,0.538,0.625
09/10/2019,0.353,0.829
10/10/2019,-0.473,0.217
11/10/2019,0.602,1.045
14/10/2019,0.305,0.101
15/10/2019,-0.603,0.188
16/10/2019,-1.108,-0.593
17/10/2019,0.304,0.418
18/10/2019,-0.416,0.112
21/10/2019,0.008,0.001
22/10/2019,0.26,0.531
23/10/2019,0.009,0.055
24/10/2019,0.28,0.22
25/10/2019,0.415,0.444
28/10/2019,0.023,0.503
29/10/2019,-1.063,-0.425
30/10/2019,0.66,0.42
31/10/2019,1.181,0.872
01/11/2019,1.292,0.639
04/11/2019,-0.634,-0.273
05/11/2019,1.072,0.724
06/11/2019,-0.167,-0.002
07/11/2019,0.763,0.96
08/11/2019,0.168,0.703
11/11/2019,0.02,0.302
12/11/2019,-0.146,0.179
13/11/2019,0.478,0.735
14/11/2019,-0.749,0.085
15/11/2019,-0.741,-0.801
18/11/2019,-0.503,-0.149
19/11/2019,-0.505,-0.045
20/11/2019,-0.147,-0.37
21/11/2019,-0.101,0.178
22/11/2019,0.175,-0.113
25/11/2019,0.823,0.465
26/11/2019,0.171,0.112
27/11/2019,0.349,0.715
28/11/2019,0.802,1.049
29/11/2019,-0.134,0.219
02/12/2019,1.943,1.103
03/12/2019,0.317,0.297
04/12/2019,0.174,-0.069
05/12/2019,-0.794,-0.484
06/12/2019,0.36,-0.097
09/12/2019,-0.131,0.293
10/12/2019,-0.215,-0.068
11/12/2019,0.128,0.012
12/12/2019,0.429,-0.093
13/12/2019,-0.915,-0.495
16/12/2019,-1.296,-0.888
17/12/2019,0.163,-0.236
18/12/2019,0.504,-0.128
19/12/2019,-1.066,-0.916
20/12/2019,-0.575,-0.203
23/12/2019,-1.065,0.207
24/12/2019,-0.014,-0.012
25/12/2019,-0.062,0.209
26/12/2019,0.027,-0.058
27/12/2019,0.241,-0.036
30/12/2019,0.072,-0.434
31/12/2019,0.89,0.885
01/01/2020,-0.693,-0.308
02/01/2020,0.079,0.24
03/01/2020,1.208,0.735
06/01/2020,-1.111,-0.449
07/01/2020,0.174,0.717
08/01/2020,0.478,0.172
09/01/2020,-1.151,-0.338
10/01/2020,0.297,0.325
13/01/2020,0.2,0.455
14/01/2020,-0.873,-0.49
15/01/2020,0.28,-0.361
16/01/2020,0.008,-0.687
17/01/2020,-0.05,0.435
20/01/2020,-0.491,-0.034
21/01/2020,-0.479,-0.299
22/01/2020,-0.046,-0.024
23/01/2020,-0.35,-0.147
24/01/2020,-0.203,-0.005
27/01/2020,0.269,0.131
28/01/2020,-0.48,0.346
29/01/2020,-0.354,-0.172
30/01/2020,-0.076,0.243
31/01/2020,-0.039,0.267
03/02/2020,0.024,-0.542
04/02/2020,-0.21,0.07
05/02/2020,-0.335,-0.497
06/02/2020,-0.672,-0.563
07/02/2020,-1.533,-0.553
10/02/2020,0.451,-0.085
11/02/2020,-0.233,-0.533
12/02/2020,-0.778,-0.607
13/02/2020,0.697,0.954
14/02/2020,-0.141,0.148
17/02/2020,-0.745,-0.545
18/02/2020,-0.365,-0.623
19/02/2020,0.685,0.349
20/02/2020,0.434,0.552
21/02/2020,0.484,0.912
24/02/2020,0.356,0.498
25/02/2020,0.567,0.566
26/02/2020,-0.224,-0.296
27/02/2020,-0.818,-0.803
28/02/2020,-0.043,-0.524
02/03/2020,-0.027,-0.314
03/03/2020,0.071,0.845
04/03/2020,0.805,0.621
05/03/2020,-0.281,-0.138
06/03/2020,0.929,1.173
09/03/2020,1.139,0.759
10/03/2020,0.957,-0.458
11/03/2020,-0.107,0.185
12/03/2020,0.147,0.152
13/03/2020,-1.4,-0.83
16/03/2020,-0.812,0.531
17/03/2020,0.268,0.447
18/03/2020,0.923,1.055
19/03/2020,0.13,0.219
20/03/2020,-0.141,0.096
23/03/2020,0.69,0.443
24/03/2020,0.528,-0.245
25/03/2020,-0.914,0.055
26/03/2020,-0.125,-0.379
27/03/2020,1.62,0.777
30/03/2020,-0.24,0.281
31/03/2020,0.222,-0.29
01/04/2020,0.731,0.352
02/04/2020,1.279,0.981
03/04/2020,0.081,-0.498
06/04/2020,0.752,-0.349
07/04/2020,0.59,0.389
08/04/2020,-0.59,-0.273
09/04/2020,0.479,0.616
10/04/2020,0.163,0.163
13/04/2020,0.127,0.291
14/04/2020,-0.262,0.15
15/04/2020,-0.522,0.267
16/04/2020,-0.85,-0.063
17/04/2020,-0.319,-0.422
20/04/2020,-0.904,-0.343
21/04/2020,1.555,1.162
22/04/2020,-0.837,-0.259
23/04/2020,0.597,0.94
24/04/2020,-0.983,-0.506
27/04/2020,0.977,0.53
28/04/2020,-0.073,-0.259
29/04/2020,-0.83,-0.396
30/04/2020,-1.334,-0.792
01/05/2020,-0.3,-0.423
04/05/2020,-0.716,-0.674
05/05/2020,0.59,0.473
06/05/2020,0.371,-0.115
07/05/2020,-0.435,-0.593
08/05/2020,-0.008,-0.5
11/05/2020,0.094,0.26
12/05/2020,0.246,0.026
13/05/2020,-1.171,-0.927
14/05/2020,-0.545,-0.103
15/05/2020,-0.172,0.062
18/05/2020,0.166,0.892
19/05/2020,-0.691,-0.437
20/05/2020,0.328,-0.203
21/05/2020,-0.351,-0.561
22/05/2020,0.02,-0.665
25/05/2020,-0.382,-0.448
26/05/2020,0.459,-0.254
27/05/2020,-0.342,-0.597
28/05/2020,-0.168,0.201
29/05/2020,-0.378,0.733
01/06/2020,0.397,0.587
02/06/2020,0.055,-0.349
03/06/2020,0.111,-0.009
04/06/2020,-0.059,-0.026
05/06/2020,-0.728,-0.583
08/06/2020,-0.63,0.167
09/06/2020,0.987,0.819
10/06/2020,0.559,-0.141
11/06/2020,0.393,-0.714
12/06/2020,-0.111,-0.889
15/06/2020,0.435,0.659
16/06/2020,0.578,1.418
17/06/2020,0.13,0.171
18/06/2020,-0.424,-0.266
19/06/2020,-0.184,-0.188
22/06/2020,0.026,0.257
23/06/2020,0.173,-0.444
24/06/2020,0.619,0.26
25/06/2020,0.028,0.132
26/06/2020,-1.033,-0.878
29/06/2020,0.289,-0.094
30/06/2020,-0.386,-0.529
01/07/2020,-0.318,-0.141
02/07/2020,-0.556,-0.178
03/07/2020,-0.237,-0.146
06/07/2020,-0.144,-0.101
07/07/2020,1.04,0.881
08/07/2020,-0.225,-0.524
09/07/2020,1.565,0.741
10/07/2020,0.371,-0.132
13/07/2020,-0.001,-0.094
14/07/2020,0.545,0.23
15/07/2020,-0.013,0.091
16/07/2020,0.027,0.45
17/07/2020,-0.018,-0.148
20/07/2020,0.285,0.215
21/07/2020,-0.289,0.426
22/07/2020,-0.66,-0.739
23/07/2020,0.603,0.358
24/07/2020,-0.123,0.172
27/07/2020,0.433,-0.047
28/07/2020,-0.429,-0.151
29/07/2020,-0.323,-0.463
30/07/2020,0.138,-0.733
31/07/2020,0.053,0.22
03/08/2020,-0.833,-0.568
04/08/2020,0.323,-0.469
05/08/2020,-0.14,-0.01
06/08/2020,-0.652,-0.484
07/08/2020,0.375,0.65
10/08/2020,-0.764,-0.671
11/08/2020,0.418,0.244
12/08/2020,0.374,0.079
13/08/2020,-0.213,-0.066
14/08/2020,0.244,0.117
17/08/2020,1.004,0.954
18/08/2020,0.908,0.738
19/08/2020,0.22,0.466
20/08/2020,0.254,0.083
21/08/2020,-0.405,-1.027
24/08/2020,-0.342,0.066
25/08/2020,0.295,0.302
26/08/2020,1.226,0.383
27/08/2020,-0.055,-0.183
28/08/2020,0.792,0.509
31/08/2020,-0.419,-0.156
01/09/2020,-0.54,-0.702
02/09/2020,0.392,0.445
03/09/2020,-0.316,-0.537
04/09/2020,-0.494,-0.71
07/09/2020,-0.922,-1.633
08/09/2020,-0.523,-1.252
09/09/2020,-0.841,-0.702
10/09/2020,0.275,-0.261
11/09/2020,0.411,0.651
14/09/2020,-0.104,-0.228
15/09/2020,0.284,-0.203
16/09/2020,-0.029,0.284
17/09/2020,0.431,0.721
18/09/2020,0.879,0.062
21/09/2020,-0.206,-0.924
22/09/2020,0.081,0.506
23/09/2020,0.244,0.698
24/09/2020,0.336,0.286
25/09/2020,-1.254,-0.642
28/09/2020,-0.012,-0.254
29/09/2020,-0.433,0.244
30/09/2020,-0.944,-1.141
01/10/2020,-0.618,-1.236
02/10/2020,-0.282,-0.194
05/10/2020,-0.573,-0.757
06/10/2020,0.399,-0.562
07/10/2020,0.325,0.189
08/10/2020,-0.627,0.695
09/10/2020,0.308,0.305
12/10/2020,1.29,0.222
13/10/2020,-10.575,-9.221
14/10/2020,0.107,-0.641
15/10/2020,-0.107,0.586
16/10/2020,0.854,1.104
19/10/2020,0.144,0.002
20/10/2020,0.338,0.408
21/10/2020,0.326,0.114
22/10/2020,-0.186,0.237
23/10/2020,-0.049,-0.032
26/10/2020,-0.662,-0.815
27/10/2020,-0.647,-0.994
28/10/2020,-0.243,-0.32
29/10/2020,0.162,-0.097
30/10/2020,0.362,0.046
02/11/2020,-0.153,-0.55
03/11/2020,-0.886,0.184
04/11/2020,1.547,0.393
05/11/2020,0.519,0.771
06/11/2020,0.315,0.534
09/11/2020,-0.386,-0.308
10/11/2020,-0.113,-1.087
11/11/2020,-0.617,-0.316
12/11/2020,-0.058,0.308
13/11/2020,-1.092,-0.137
16/11/2020,-1.252,-0.963
17/11/2020,-0.001,-0.026
18/11/2020,1.311,1.45
19/11/2020,-1.148,-0.762
20/11/2020,0.776,0.453
23/11/2020,0.218,0.972
24/11/2020,-0.251,0.039
25/11/2020,0.098,-0.308
26/11/2020,0.356,0.561
27/11/2020,0.524,-0.455
30/11/2020,-0.583,-0.047
01/12/2020,0.137,0.041
02/12/2020,-0.739,-0.732
03/12/2020,0.556,-0.104
04/12/2020,-0.121,0.725
07/12/2020,-0.577,-0.478
08/12/2020,-0.114,0.467
09/12/2020,0.141,-0.353
10/12/2020,-0.203,-0.114
11/12/2020,-0.021,-0.03
14/12/2020,0.542,0.484
15/12/2020,1.191,0.581
16/12/2020,0.14,0.442
17/12/2020,0.071,0.309
18/12/2020,-0.985,0.375
21/12/2020,0.304,0.168
22/12/2020,-0.073,-0.083
23/12/2020,-0.418,0.013
24/12/2020,0.041,0.435
25/12/2020,-0.189,0.484
28/12/2020,0.315,0.326
29/12/2020,-0.193,0.226
30/12/2020,0.335,-0.092
31/12/2020,0.793,1.134
01/01/2021,-0.522,0.418
04/01/2021,-0.199,-0.131
05/01/2021,0.084,-0.114
06/01/2021,0.367,0.459
07/01/2021,-0.723,-0.463
08/01/2021,0.128,0.181
11/01/2021,-0.011,-0.195
12/01/2021,0.973,0.451
13/01/2021,-0.537,-0.22
14/01/2021,0.387,0.304
15/01/2021,-0.071,-0.324
18/01/2021,0.802,-0.093
19/01/2021,-0.652,-0.354
20/01/2021,-0.525,-0.18
21/01/2021,1.253,1.241
22/01/2021,-0.004,0.046
25/01/2021,1.359,1.06
26/01/2021,0.23,0.543
27/01/2021,0.264,0.207
28/01/2021,-0.014,0.43
29/01/2021,-0.266,-0.232
01/02/2021,0.77,-0.347
02/02/2021,1.475,0.778
03/02/2021,0.421,0.101
04/02/2021,0.951,0.773
05/02/2021,-0.155,0.512
08/02/2021,0.356,0.132
09/02/2021,-0.117,1.159
10/02/2021,-0.146,-0.479
11/02/2021,1.421,0.773
12/02/2021,1.076,0.219
15/02/2021,0.396,-0.091
16/02/2021,0.897,1.056
17/02/2021,1.566,0.185
18/02/2021,-0.774,0.057
19/02/2021,-0.028,0.34
22/02/2021,-0.831,0.34
23/02/2021,0.667,0.399
24/02/2021,0.315,0.283
25/02/2021,0.221,0.056
26/02/2021,-0.379,0.518
01/03/2021,-0.216,0.292
02/03/2021,-0.247,-0.17
03/03/2021,0.099,0.372
04/03/2021,0.452,1.215
05/03/2021,-0.32,-0.159
08/03/2021,-0.045,0.029
09/03/2021,-0.579,-0.322
10/03/2021,-1.159,-0.188
11/03/2021,-0.225,-0.818
12/03/2021,0.154,0.478
15/03/2021,-1.087,-1.171
16/03/2021,-0.986,-0.097
17/03/2021,0.015,-0.452
18/03/2021,-0.71,-1.124
19/03/2021,0.326,0.307
22/03/2021,0.163,-0.259
23/03/2021,-1.029,-0.649
24/03/2021,-0.341,-0.372
25/03/2021,-0.309,0.284
26/03/2021,0.521,0.226
29/03/2021,-0.419,0.05
30/03/2021,-0.198,-0.628
31/03/2021,0.78,0.065
01/04/2021,-0.469,-0.194
02/04/2021,-0.087,0.029
05/04/2021,0.822,0.784
06/04/2021,0.88,1.122
07/04/2021,0.351,0.405
08/04/2021,0.175,0.099
09/04/2021,0.665,0.643
12/04/2021,-0.04,-0.016
13/04/2021,-0.423,-0.197
14/04/2021,-0.259,-0.384
15/04/2021,1.092,0.57
16/04/2021,0.399,0.819
19/04/2021,-0.478,-0.594
20/04/2021,1.041,0.159
21/04/2021,0.394,0.353
22/04/2021,0.369,0.899
23/04/2021,-0.184,0.162
26/04/2021,0.255,0.657
27/04/2021,0.507,0.795
28/04/2021,-1.053,-0.198
29/04/2021,0.541,0.078
30/04/2021,-0.219,0.59
03/05/2021,1.215,0.394
04/05/2021,1.102,0.973
05/05/2021,0.952,1.451
06/05/2021,-0.788,-0.626
07/05/2021,-1.272,-1.042
10/05/2021,0.142,-0.085
11/05/2021,-0.91,-0.344
12/05/2021,1.571,0.378
13/05/2021,1.133,0.594
14/05/2021,0.906,0.494
17/05/2021,0.684,0.146
18/05/2021,-1.476,-0.645
19/05/2021,-1.4,-0.376
20/05/2021,-0.114,0.225
21/05/2021,0.61,0.53
24/05/2021,1.254,0.283
25/05/2021,0.516,0.73
26/05/2021,-0.03,0.236
27/05/2021,0.215,-0.222
28/05/2021,-0.281,-0.158
31/05/2021,-0.947,-0.227
01/06/2021,0.105,0.306
02/06/2021,0.706,0.274
03/06/2021,0.431,0.586
04/06/2021,-0.029,0.61
07/06/2021,-0.061,-0.198
08/06/2021,-0.218,-0.576
09/06/2021,0.042,0.566
10/06/2021,0.633,0.493
11/06/2021,-3.769,-3.771
14/06/2021,-0.962,-0.629
15/06/2021,-0.458,-0.313
16/06/2021,0.022,-0.853
17/06/2021,0.181,0.069
18/06/2021,0.334,0.325
21/06/2021,-1.338,-1.067
22/06/2021,-0.444,-0.185
23/06/2021,0.886,0.039
24/06/2021,0.917,0.801
25/06/2021,1.231,1.256
28/06/2021,0.229,0.313
29/06/2021,0.284,1.004
30/06/2021,0.513,-0.378
01/07/2021,-0.42,-1.104
02/07/2021,1.042,0.228
05/07/2021,0.275,0.362
06/07/2021,-0.761,0.459
07/07/2021,0.312,0.293
08/07/2021,1.037,0.538
09/07/2021,-0.448,-0.628
12/07/2021,-0.409,-0.242
13/07/2021,0.803,0.444
14/07/2021,1.133,0.918
15/07/2021,0.123,-0.01
16/07/2021,-0.31,-0.821
19/07/2021,0.072,-0.496
20/07/2021,0.225,-0.39
21/07/2021,-0.443,-0.152
22/07/2021,-0.19,-0.079
23/07/2021,-0.227,-0.19
26/07/2021,0.02,-0.107
27/07/2021,0.531,0.477
28/07/2021,-0.298,-0.007
29/07/2021,-0.905,-0.985
30/07/2021,0.906,0.595
02/08/2021,0.707,0.258
03/08/2021,0.718,0.495
04/08/2021,0.295,-0.193
05/08/2021,0.796,0.66
06/08/2021,0.09,-0.283
09/08/2021,0.038,0.269
10/08/2021,-0.498,0.354
11/08/2021,1.186,0.377
12/08/2021,-0.48,-0.234
13/08/2021,-0.04,0.556
16/08/2021,0.167,0.578
17/08/2021,0.083,-0.266
18/08/2021,0.047,0.343
19/08/2021,-0.083,0.681
20/08/2021,0.125,0.201
23/08/2021,0.451,0.782
24/08/2021,0.277,0.158
25/08/2021,-0.067,-0.124
26/08/2021,0.485,0.746
27/08/2021,-1.418,-0.263
30/08/2021,-0.186,-0.126
31/08/2021,0.186,-0.008
01/09/2021,-0.182,-0.243
02/09/2021,0.728,0.489
03/09/2021,-0.567,0.027
06/09/2021,0.486,1.01
07/09/2021,0.394,0.368
08/09/2021,0.699,-0.258
09/09/2021,0.262,-0.696
10/09/2021,-0.148,-0.736
13/09/2021,-0.49,-0.434
14/09/2021,-0.177,-0.454
15/09/2021,1.172,0.675
16/09/2021,-0.094,0.176
17/09/2021,0.126,0.843
20/09/2021,0.365,-0.354
21/09/2021,0.1,-0.26
22/09/2021,-0.577,-0.356
23/09/2021,0.059,-0.17
24/09/2021,-0.411,-0.721
27/09/2021,-0.108,-0.12
28/09/2021,0.517,0.329
29/09/2021,0.171,1.006
30/09/2021,-0.083,-0.734
01/10/2021,0.132,0.216
04/10/2021,-0.867,-0.223
05/10/2021,-1.31,-0.996
06/10/2021,-0.423,-1.145
07/10/2021,-0.165,-0.318
08/10/2021,-0.025,0.355
11/10/2021,-0.532,-0.466
12/10/2021,-1.708,-0.96
13/10/2021,0.69,-0.336
14/10/2021,-0.006,-0.296
15/10/2021,0.635,0.21
18/10/2021,-0.336,0.321
19/10/2021,0.604,0.485
20/10/2021,0.519,0.06
21/10/2021,-0.474,0.402
22/10/2021,-0.294,-0.123
25/10/2021,-0.006,0.075
26/10/2021,1.131,0.907
27/10/2021,0.267,0.383
28/10/2021,-0.681,-0.192
29/10/2021,0.186,0.096
01/11/2021,0.536,0.248
02/11/2021,0.314,0.091
03/11/2021,0.522,0.563
04/11/2021,0.385,-0.102
05/11/2021,0.205,0.458
08/11/2021,-0.977,0.228
09/11/2021,-0.112,-0.345
10/11/2021,0.181,0.265
11/11/2021,-0.753,-0.109
12/11/2021,0.417,0.483
15/11/2021,0.619,0.698
16/11/2021,0.265,0.972
17/11/2021,0.396,0.773
18/11/2021,0.149,0.002
19/11/2021,0.99,0.691
22/11/2021,0.788,0.352
23/11/2021,-0.754,0.615
24/11/2021,-1.32,-0.762
25/11/2021,-0.255,-0.174
26/11/2021,0.384,0.411
29/11/2021,-0.101,0.526
30/11/2021,-1.696,-0.39
01/12/2021,0.502,0.276
02/12/2021,0.815,0.966
03/12/2021,0.568,0.253
06/12/2021,0.837,0.301
07/12/2021,-0.341,-1.422
08/12/2021,0.1,-0.339
09/12/2021,-1.425,-1.018
10/12/2021,0.769,0.283
13/12/2021,0.271,0.709
14/12/2021,-0.972,-0.776
15/12/2021,-0.162,0.428
16/12/2021,0.013,0.178
17/12/2021,-0.003,-0.257
20/12/2021,-0.697,-0.827
21/12/2021,-1.484,-0.832
22/12/2021,0.03,-0.504
23/12/2021,-1.017,-0.712
24/12/2021,-0.896,-0.042
27/12/2021,0.392,0.629
28/12/2021,0.112,0.31
29/12/2021,0.258,-0.549
30/12/2021,0.167,0.136
31/12/2021,0.784,0.322
03/01/2022,-0.07,0.154
04/01/2022,0.267,0.024
05/01/2022,0.735,0.458
06/01/2022,0.314,0.424
07/01/2022,-0.022,-0.254
10/01/2022,-0.681,0.392
11/01/2022,-0.432,-0.037
12/01/2022,-0.48,0.169
13/01/2022,0.97,0.753
14/01/2022,0.848,0.34
17/01/2022,-1.051,-0.704
18/01/2022,-0.523,-0.439
19/01/2022,-1.238,-1.923
20/01/2022,0.336,-0.177
21/01/2022,0.292,0.526
24/01/2022,0.004,0.35
25/01/2022,-0.555,-0.325
26/01/2022,-0.153,-0.496
27/01/2022,0.717,0.204
28/01/2022,0.126,-0.312
31/01/2022,0.53,0.74
01/02/2022,0.474,0.698
02/02/2022,0.488,0.172
03/02/2022,-0.578,-0.107
04/02/2022,-0.294,0.407
07/02/2022,0.843,1.223
08/02/2022,0.619,0.601
09/02/2022,-0.177,-0.395
10/02/2022,0.069,-0.113
11/02/2022,-0.365,0.609
14/02/2022,0.951,0.935
15/02/2022,0.153,-0.291
16/02/2022,-0.079,0.136
17/02/2022,-0.53,-0.011
18/02/2022,-0.456,-0.523
21/02/2022,0.189,-0.619
22/02/2022,0.39,-0.324
23/02/2022,-0.067,0.142
24/02/2022,-0.203,-0.02
25/02/2022,-0.732,-0.277
28/02/2022,0.254,0.674
01/03/2022,0.623,0.307
02/03/2022,-0.306,-0.288
03/03/2022,-0.066,-0.033
04/03/2022,-0.591,-0.564
07/03/2022,-0.398,-0.141
08/03/2022,-1.349,-0.559
09/03/2022,-0.483,-0.103
10/03/2022,-0.204,-0.128
11/03/2022,0.125,0.229
14/03/2022,0.364,0.188
15/03/2022,-0.009,-0.138
16/03/2022,0.441,0.279
17/03/2022,-0.641,-0.206
18/03/2022,-0.791,-0.226
21/03/2022,0.258,0.209
22/03/2022,-0.124,0.073
23/03/2022,-0.548,0.175
24/03/2022,0.406,0.476
25/03/2022,0.74,0.805
28/03/2022,0.898,0.959
29/03/2022,-0.796,-0.34
30/03/2022,0.8,0.375
31/03/2022,-0.084,-0.143
01/04/2022,0.989,1.54
04/04/2022,0.593,-0.185
05/04/2022,-0.531,0.507
06/04/2022,0.002,-0.007
07/04/2022,0.351,0.582
08/04/2022,-0.159,0.173
11/04/2022,0.304,0.623
12/04/2022,0.733,1.015
13/04/2022,0.57,0.546
14/04/2022,1.02,0.92
15/04/2022,0.627,-0.151
18/04/2022,-1.017,-0.729
19/04/2022,0.799,0.219
20/04/2022,0.511,0.159
21/04/2022,0.496,-0.603
22/04/2022,-0.726,-1.087
25/04/2022,-0.717,-0.799
26/04/2022,-1.656,-0.966
27/04/2022,-0.967,-0.349
28/04/2022,-0.137,-0.031
29/04/2022,-0.003,0.213
02/05/2022,-0.111,0.091
03/05/2022,0.594,0.41
04/05/2022,-0.21,-0.177
05/05/2022,-0.376,-0.027
06/05/2022,-0.46,-0.327
09/05/2022,0.227,-0.083
10/05/2022,-0.507,-0.776
11/05/2022,-0.421,0.357
12/05/2022,0.425,0.242
13/05/2022,0.301,-0.489
16/05/2022,0.474,0.878
17/05/2022,-0.017,0.281
18/05/2022,0.421,-0.527
19/05/2022,1.163,-0.023
20/05/2022,-0.782,0.315
23/05/2022,0.608,1.074
24/05/2022,-0.561,-0.335
25/05/2022,0.88,0.437
26/05/2022,1.212,1.041
27/05/2022,-0.172,0.168
30/05/2022,0.219,-0.147
31/05/2022,0.382,0.264
01/06/2022,-0.449,0.256
02/06/2022,-1.003,-0.86
03/06/2022,0.266,0.891
06/06/2022,-1.405,-1.607
07/06/2022,0.235,0.017
08/06/2022,0.418,0.093
09/06/2022,0.858,1.04
10/06/2022,0.06,0.555
13/06/2022,-0.488,0.183
14/06/2022,-0.054,0.202
15/06/2022,0.381,0.543
16/06/2022,-0.772,-0.062
17/06/2022,-0.269,0.004
20/06/2022,-0.264,-0.925
21/06/2022,-0.176,0.249
22/06/2022,0.279,0.118
23/06/2022,0.095,-0.155
24/06/2022,0.41,-0.249
27/06/2022,0.191,0.341
28/06/2022,0.268,0.352
29/06/2022,-0.49,0.115
30/06/2022,0.2,0.179
01/07/2022,0.064,-0.256
04/07/2022,0.207,0.553
05/07/2022,0.616,0.832
06/07/2022,0.138,-0.087
07/07/2022,-0.257,-0.099
08/07/2022,0.572,0.503
11/07/2022,0.606,0.164
12/07/2022,1.044,1.278
13/07/2022,-0.004,-0.552
14/07/2022,0.432,-0.205
15/07/2022,0.476,0.089
18/07/2022,-0.388,-0.852
19/07/2022,1.022,0.715
20/07/2022,-0.219,0.671
21/07/2022,0.113,0.843
22/07/2022,-0.514,0.387
25/07/2022,0.179,-0.428
26/07/2022,0.306,0.571
27/07/2022,-0.013,1.202
28/07/2022,1.257,0.987
29/07/2022,-0.054,-0.184
01/08/2022,-0.311,0.394
02/08/2022,-0.254,0.319
03/08/2022,-0.097,0.593
04/08/2022,0.189,-0.405
05/08/2022,0.41,0.982
08/08/2022,-0.155,0.67
09/08/2022,-0.123,-0.577
10/08/2022,0.732,0.579
11/08/2022,0.084,-0.254
12/08/2022,-0.221,-0.23
15/08/2022,0.349,0.545
16/08/2022,0.78,0.135
17/08/2022,-0.373,-1.214
18/08/2022,0.519,0.646
19/08/2022,0.114,-0.189
22/08/2022,-1.024,-1.068
23/08/2022,0.139,0.021
24/08/2022,-0.512,-0.113
25/08/2022,-0.524,-0.581
26/08/2022,0.038,-0.103
29/08/2022,0.885,0.585
30/08/2022,0,0.05
31/08/2022,-0.743,-0.758
01/09/2022,0.679,0.417
02/09/2022,0.651,0.214
05/09/2022,0.075,0.328
06/09/2022,-0.248,-0.654
07/09/2022,-0.2,-0.156
08/09/2022,0.447,0.033
09/09/2022,0.614,0.349
12/09/2022,-0.602,-0.148
13/09/2022,-0.044,-1.082
14/09/2022,-0.734,-0.642
15/09/2022,-0.364,-0.486
16/09/2022,-0.261,0.382
19/09/2022,-0.314,-0.846
20/09/2022,0.184,0.286
21/09/2022,0.114,-0.299
22/09/2022,0.241,-0.24
23/09/2022,-0.675,0.328
26/09/2022,0.471,0.694
27/09/2022,-0.262,-0.198
28/09/2022,0.335,0.077
29/09/2022,1.312,0.237
30/09/2022,0.872,0.375
03/10/2022,-0.059,-0.554
04/10/2022,0.256,0.613
05/10/2022,-0.736,-0.41
06/10/2022,-1.234,0.129
07/10/2022,-0.221,0.135
10/10/2022,0.225,0.186
11/10/2022,0.178,0.94
12/10/2022,-0.36,0.558
13/10/2022,-0.07,-0.346
14/10/2022,-0.294,0.165
17/10/2022,0.134,-0.737
18/10/2022,0.143,-0.131
19/10/2022,0.571,-0.121
20/10/2022,-1.253,-0.764
21/10/2022,0.371,0.31
24/10/2022,-0.223,-1.01
25/10/2022,-1.011,-0.595
26/10/2022,-0.469,-0.548
27/10/2022,-0.682,0.26
28/10/2022,-0.096,-0.336
31/10/2022,0.091,0.46
01/11/2022,-0.185,-0.016
02/11/2022,-0.087,0.541
03/11/2022,0.109,-0.302
04/11/2022,1.35,0.64
07/11/2022,0,-0.397
08/11/2022,1.343,0.861
09/11/2022,0.045,0.29
10/11/2022,1.249,1.039
11/11/2022,-0.218,-0.703
14/11/2022,0.488,0.473
15/11/2022,0.822,0.475
16/11/2022,0.189,0.137
17/11/2022,-0.222,-0.091
18/11/2022,-0.269,-0.05
21/11/2022,0.977,0.032
22/11/2022,0.926,0.381
23/11/2022,0.874,0.162
24/11/2022,-0.241,-0.744
25/11/2022,0.165,0.378
28/11/2022,0.064,-0.39
29/11/2022,0.453,0.406
30/11/2022,0.367,0.44
01/12/2022,0.214,0.424
02/12/2022,0.893,0.634
05/12/2022,-3.848,-3.349
06/12/2022,-1.441,-1.49
07/12/2022,-0.164,-0.281
08/12/2022,-1.12,-0.715
09/12/2022,-0.97,-1.005
12/12/2022,-0.136,-0.045
13/12/2022,0.697,0.623
14/12/2022,0.357,0.897
15/12/2022,0.401,-0.189
16/12/2022,0.512,0.238
19/12/2022,-1.072,-0.705
20/12/2022,-0.208,0.191
21/12/2022,0.125,-0.141
22/12/2022,-0.411,-0.113
23/12/2022,-1.82,-1.57
26/12/2022,-0.181,0.235
27/12/2022,-0.832,0.104
28/12/2022,-0.18,-0.8
29/12/2022,-0.346,0.253
30/12/2022,-0.637,-0.779
02/01/2023,-0.218,0.106
03/01/2023,0.367,0.305
04/01/2023,-0.639,-0.198
05/01/2023,-0.817,-0.541
06/01/2023,0.697,0.55
09/01/2023,0.637,0.385
10/01/2023,-0.294,-0.184
11/01/2023,-1.405,-0.99
12/01/2023,-0.32,-0.219
13/01/2023,-0.765,0.021
16/01/2023,-0.479,0.409
17/01/2023,-0.163,0.418
18/01/2023,0.031,0.098
19/01/2023,1.6,0.523
20/01/2023,0.27,0.542
23/01/2023,0.314,-0.126
24/01/2023,0.449,0.767
25/01/2023,0.502,0.854
26/01/2023,-0.619,0.199
27/01/2023,-1.086,-0.879
30/01/2023,-0.271,0.447
31/01/2023,0.432,-0.369
01/02/2023,0.425,0.575
02/02/2023,0.235,1.219
03/02/2023,-0.765,-0.962
06/02/2023,0.478,0.395
07/02/2023,0.331,0.273
08/02/2023,-0.268,-0.178
09/02/2023,-0.883,-0.435
10/02/2023,-0.374,-0.8
13/02/2023,0.943,0.764
14/02/2023,-1.067,-0.38
15/02/2023,-0.775,0.064
16/02/2023,0.83,0.178
17/02/2023,-0.356,-0.752
20/02/2023,0.29,0.402
21/02/2023,0.338,0.255
22/02/2023,-0.179,-0.181
23/02/2023,1.137,0.877
24/02/2023,0.006,-0.352
27/02/2023,0.154,0.054
28/02/2023,1.716,1.465
01/03/2023,0.383,0.644
02/03/2023,-0.052,-0.334
03/03/2023,-0.049,-0.383
06/03/2023,0.438,-0.265
07/03/2023,-0.27,-0.256
08/03/2023,0.686,-0.16
09/03/2023,-0.328,-0.495
10/03/2023,-0.412,-0.259
13/03/2023,0.726,0.899
14/03/2023,0.148,0.118
15/03/2023,1.017,1.301
16/03/2023,0.24,0.066
17/03/2023,0.365,0.441
20/03/2023,-0.273,-0.399
21/03/2023,0.066,-0.444
22/03/2023,1.093,0.632
23/03/2023,0.409,-0.221
24/03/2023,0.158,-0.119
27/03/2023,0.902,0.975
28/03/2023,0.565,-0.056
29/03/2023,0.437,1.246
30/03/2023,0.89,-0.098
31/03/2023,0.972,0.847
03/04/2023,0.718,0.424
04/04/2023,0.12,-0.016
05/04/2023,0.184,0.127
06/04/2023,-0.589,-0.663
07/04/2023,-0.691,-0.619
10/04/2023,-0.85,-0.482
11/04/2023,-1.16,-0.01
12/04/2023,-0.062,0.31
13/04/2023,-1.078,-0.805
14/04/2023,1.728,1.321
17/04/2023,0.395,0.27
18/04/2023,0.014,1.052
19/04/2023,-0.9,-1.536
20/04/2023,0.275,0.65
21/04/2023,0.698,0.521
24/04/2023,0.335,0.906
25/04/2023,-0.188,0.498
26/04/2023,0.168,0.546
27/04/2023,0.225,0.312
28/04/2023,0.536,0.318
01/05/2023,0.128,0.205
02/05/2023,-0.044,-0.448
03/05/2023,0.362,0.705
04/05/2023,-1.206,-0.617
05/05/2023,-0.864,-0.851
08/05/2023,-0.566,-0.306
09/05/2023,-0.068,-0.362
10/05/2023,0.671,1.172
11/05/2023,-0.118,-0.253
12/05/2023,0.029,-0.251
15/05/2023,-0.675,-0.232
16/05/2023,-1.077,-0.703
17/05/2023,0.003,0.066
18/05/2023,-1.521,-1.089
19/05/2023,-0.239,0.066
22/05/2023,-0.041,0.066
23/05/2023,0.014,-1.076
24/05/2023,0.982,0.215
25/05/2023,0.433,0.179
26/05/2023,-0.268,0.03
29/05/2023,-0.723,-0.731
30/05/2023,0.27,-0.001
31/05/2023,0.57,0.452
01/06/2023,0.711,1.211
02/06/2023,-0.105,0.224
05/06/2023,-0.326,-1.287
06/06/2023,0.357,-0.115
07/06/2023,-0.436,0.172
08/06/2023,-0.269,-0.122
09/06/2023,-0.036,0.262
12/06/2023,-0.309,0.433
13/06/2023,0.035,0.903
14/06/2023,0.688,0.834
15/06/2023,0.385,0.048
16/06/2023,0.887,0.959
19/06/2023,0.116,0.418
20/06/2023,-1.124,-0.657
21/06/2023,-0.563,-0.637
22/06/2023,-0.858,-0.201
23/06/2023,-0.347,-0.283
26/06/2023,-0.144,-0.089
27/06/2023,-0.216,-0.239
28/06/2023,0.054,-0.071
29/06/2023,-0.211,0.381
30/06/2023,0.86,0.12
03/07/2023,1.093,0.863
04/07/2023,-0.243,0.343
05/07/2023,-1.42,-1.133
06/07/2023,-0.516,-0.876
07/07/2023,-0.686,-0.514
10/07/2023,0.604,0.593
11/07/2023,-0.17,0.179
12/07/2023,-0.105,0.59
13/07/2023,-0.737,-0.237
14/07/2023,0.433,0.334
17/07/2023,-1.013,-0.036
18/07/2023,-0.51,-0.483
19/07/2023,-0.228,0.371
20/07/2023,0.932,0.308
21/07/2023,-0.572,-0.496
24/07/2023,0.432,0.317
25/07/2023,0.17,0.298
26/07/2023,0.042,0.208
27/07/2023,-0.931,-0.653
28/07/2023,0.24,0.019
31/07/2023,0.272,0.218
01/08/2023,-0.819,-0.393
02/08/2023,0.232,1.155
03/08/2023,0.456,0.242
04/08/2023,-0.298,0.793
07/08/2023,-0.286,-0.04
08/08/2023,0.199,0.384
09/08/2023,-1.423,-0.768
10/08/2023,0.25,-0.109
11/08/2023,-0.481,0.035
14/08/2023,0.492,0.688
15/08/2023,-0.595,0.113
16/08/2023,0.087,1.247
17/08/2023,0.415,0.235
18/08/2023,0.09,0.402
21/08/2023,-0.034,1.01
22/08/2023,0.385,0.358
23/08/2023,0.611,0.378
24/08/2023,1.242,0.995
25/08/2023,0.576,-0.299
28/08/2023,-0.011,0.032
29/08/2023,-0.75,-1.174
30/08/2023,1.069,0.878
31/08/2023,-0.6,-0.826
01/09/2023,-0.055,0.418
04/09/2023,0.386,0.139
05/09/2023,0.593,0.508
06/09/2023,0.032,0.112
07/09/2023,0.262,-0.436
08/09/2023,0.123,-0.595
11/09/2023,0.083,0.592
12/09/2023,-0.663,0.217
13/09/2023,0.416,0.263
14/09/2023,-0.504,-0.302
15/09/2023,-0.941,-1.231
18/09/2023,-0.64,-0.176
19/09/2023,-1.029,-0.421
20/09/2023,-0.59,-0.284
21/09/2023,-0.471,-0.551
22/09/2023,-1.01,-0.085
25/09/2023,0.05,0.396
26/09/2023,-0.013,-0.525
27/09/2023,-0.233,0.142
28/09/2023,-0.285,-0.587
29/09/2023,-0.213,-0.11
02/10/2023,-0.48,-0.389
03/10/2023,0.236,0.71
04/10/2023,0.727,0.417
05/10/2023,-0.351,-0.099
06/10/2023,-0.271,-0.501
09/10/2023,-0.631,-0.419
10/10/2023,-1.285,-0.88
11/10/2023,0.609,0.586
12/10/2023,0.216,0.049
13/10/2023,0.142,0.15
16/10/2023,0.662,-0.176
17/10/2023,-0.573,-0.099
18/10/2023,-0.458,-0.293
19/10/2023,0.009,0.529
20/10/2023,0.591,1.495
23/10/2023,0.328,0.667
24/10/2023,0.509,0.345
25/10/2023,0.712,-0.208
26/10/2023,0.103,-0.5
27/10/2023,0.759,0.504
30/10/2023,0.384,0.257
31/10/2023,-0.086,1.041
01/11/2023,0.956,0.665
02/11/2023,-0.497,0.166
03/11/2023,-0.579,-0.072
06/11/2023,0.204,0.51
07/11/2023,-0.883,-0.537
08/11/2023,-1.306,-1.1
09/11/2023,0.452,-0.401
10/11/2023,0.407,0.485
13/11/2023,-0.86,-0.119
14/11/2023,-0.043,-0.274
15/11/2023,0.761,0.556
16/11/2023,0.72,0.681
17/11/2023,0.908,0.668
20/11/2023,0.11,0.571
21/11/2023,1.08,0.179
22/11/2023,-0.432,0.308
23/11/2023,-0.432,-0.406
24/11/2023,0.431,0.269
27/11/2023,0.502,-0.088
28/11/2023,-0.255,0.291
29/11/2023,-0.485,-0.263
30/11/2023,0.294,-0.128
01/12/2023,-0.212,-0.837
04/12/2023,1.347,1.116
05/12/2023,0.469,0.255
06/12/2023,-0.529,-0.248
07/12/2023,-0.595,-0.005
08/12/2023,0.26,1.017
11/12/2023,0.491,0.703
12/12/2023,-1.372,-0.437
13/12/2023,-0.677,-0.561
14/12/2023,1.04,0.41
15/12/2023,0.643,0.137
18/12/2023,0.628,0.491
19/12/2023,0.475,0.219
20/12/2023,0.245,-0.295
21/12/2023,-0.33,0.102
22/12/2023,0.256,0.213
25/12/2023,-0.677,-0.326
26/12/2023,-0.963,-0.436
27/12/2023,-0.662,-0.948
28/12/2023,0.263,-0.201
29/12/2023,-0.136,0.141
01/01/2024,0.23,-0.495
02/01/2024,0.793,0.089
03/01/2024,0.136,-0.198
04/01/2024,0.465,-0.599
05/01/2024,0.276,-0.302
08/01/2024,-0.728,-0.22
09/01/2024,-0.462,-0.002
10/01/2024,-0.25,-0.493
11/01/2024,0.568,0.786
12/01/2024,0.549,-0.602
15/01/2024,1.115,0.438
16/01/2024,0.509,-0.353
17/01/2024,-0.104,-0.377
18/01/2024,-0.934,-0.608
19/01/2024,-0.009,0.203
22/01/2024,0.275,0.78
23/01/2024,-0.645,-0.319
24/01/2024,-0.835,-1.364
25/01/2024,-0.648,-0.104
26/01/2024,-0.117,-0.074
29/01/2024,0.826,1.11
30/01/2024,0.465,0.381
31/01/2024,-0.835,-0.261
01/02/2024,0.711,0.202
02/02/2024,0.254,0.52
05/02/2024,-0.651,-0.335
06/02/2024,0.365,0.183
07/02/2024,-0.498,-1.033
08/02/2024,-0.306,-0.333
09/02/2024,-0.145,-0.321
12/02/2024,-0.7,-0.469
13/02/2024,-0.552,0.619
14/02/2024,-0.626,-0.355
15/02/2024,-0.448,-0.165
16/02/2024,0.75,-0.02
19/02/2024,-1.109,-1.077
20/02/2024,-0.548,0.126
21/02/2024,0.197,0.277
22/02/2024,-0.315,0.09
23/02/2024,0.31,-0.201
26/02/2024,-0.844,-0.445
27/02/2024,-0.321,0.119
28/02/2024,1.768,1.611
29/02/2024,0.897,-0.08
01/03/2024,-0.025,-0.531
04/03/2024,-0.755,-0.83
05/03/2024,-0.176,-0.572
06/03/2024,-0.812,0.018
07/03/2024,0.618,0.84
08/03/2024,1.021,0.968
11/03/2024,0.327,-0.153
12/03/2024,-0.015,0.668
13/03/2024,-0.721,-0.024
14/03/2024,-0.972,-0.931
15/03/2024,-0.443,-0.728
18/03/2024,-0.371,-0.857
19/03/2024,0.111,0.79
20/03/2024,-0.349,-0.014
21/03/2024,0.132,-0.005
22/03/2024,0.148,0.105
25/03/2024,-0.631,0.245
26/03/2024,0.291,0.518
27/03/2024,-0.341,-0.359
28/03/2024,0.127,-0.579
29/03/2024,-1.388,-1.145
01/04/2024,0.191,-0.155
02/04/2024,0.034,0.408
03/04/2024,-0.911,-1.221
04/04/2024,0.388,-0.104
05/04/2024,0.763,0.612
08/04/2024,0.308,0.506
09/04/2024,-0.054,-0.632
10/04/2024,0.245,0.075
11/04/2024,1.378,1.035
12/04/2024,0.693,0.637
15/04/2024,0.542,-0.403
16/04/2024,0.641,0.801
17/04/2024,-0.688,0.288
18/04/2024,-0.069,-0.216
19/04/2024,0.765,0.044
22/04/2024,-0.174,-0.738
23/04/2024,0.537,0.338
24/04/2024,-0.853,-0.376
25/04/2024,-0.026,0.314
26/04/2024,-0.924,-0.991
29/04/2024,-0.861,-0.454
30/04/2024,-0.778,-0.543
01/05/2024,-9.198,-8.829
02/05/2024,-0.605,-1.046
03/05/2024,0.367,1.348
06/05/2024,0.613,0.472
07/05/2024,-0.573,0.414
08/05/2024,-0.657,0.248
09/05/2024,-0.122,0.054
10/05/2024,-0.353,0.262
13/05/2024,0.511,0.258
14/05/2024,-0.726,0.03
15/05/2024,0.931,0.632
16/05/2024,-0.47,-0.131
17/05/2024,-0.948,-0.247
20/05/2024,-0.002,0.534
21/05/2024,0.037,0.603
22/05/2024,0.104,0.464
23/05/2024,-0.685,-0.141
24/05/2024,-0.174,0.103
27/05/2024,0.825,0.888
28/05/2024,0.59,0.316
29/05/2024,-0.478,0.194
30/05/2024,-0.475,-0.358
31/05/2024,0.434,0.076
03/06/2024,0.649,-0.489
04/06/2024,0.335,-0.001
05/06/2024,0.561,-0.237
06/06/2024,0.099,0.657
07/06/2024,0.067,-0.433
10/06/2024,0.057,0.165
11/06/2024,0.715,1.787
12/06/2024,-0.078,0.147
13/06/2024,-0.513,-0.175
14/06/2024,-1.235,-0.263
17/06/2024,0.646,-0.246
18/06/2024,0.555,1.442
19/06/2024,0.42,1.065
20/06/2024,0.428,1.006
21/06/2024,-0.672,-0.357
24/06/2024,0.058,0.64
25/06/2024,0.151,0.812
26/06/2024,-0.096,0.692
27/06/2024,0.518,0.336
28/06/2024,-0.324,-0.336
01/07/2024,-1.034,0.26
02/07/2024,0.621,0.521
03/07/2024,0.3,-0.345
04/07/2024,1.315,0.581
05/07/2024,-0.01,-0.458
08/07/2024,0.209,0.442
09/07/2024,0.349,0.778
10/07/2024,-1.076,-0.665
11/07/2024,-0.047,-0.323
12/07/2024,-0.4,-0.191
15/07/2024,0.973,0.449
16/07/2024,0.536,0.563
17/07/2024,0.434,0.44
18/07/2024,0.159,0.555
19/07/2024,0.36,-0.06
22/07/2024,-1.149,-0.129
23/07/2024,-0.598,-0.236
24/07/2024,-0.059,0.242
25/07/2024,0.948,0.313
26/07/2024,0.02,-0.501
29/07/2024,-0.804,-1.078
30/07/2024,0.016,-0.648
31/07/2024,0.04,0.17
01/08/2024,0.282,-0.075
02/08/2024,-0.136,0.497
05/08/2024,-0.861,-0.103
06/08/2024,-0.811,-0.034
07/08/2024,0.116,-0.833
08/08/2024,-0.309,-0.263
09/08/2024,0.325,-0.241
12/08/2024,0.429,0.165
13/08/2024,-0.651,-0.264
14/08/2024,0.409,0.786
15/08/2024,1.094,0.911
16/08/2024,-0.067,0.314
19/08/2024,0.297,0.416
20/08/2024,-0.036,0.117
21/08/2024,-0.215,-0.297
22/08/2024,-0.706,0.104
23/08/2024,0.446,-0.597
26/08/2024,-0.303,-0.441
27/08/2024,-0.12,-0.495
28/08/2024,0.383,0.208
29/08/2024,0.266,0.136
30/08/2024,0.436,0.223
02/09/2024,-0.323,-0.041
03/09/2024,0.633,0.677
04/09/2024,0.503,0.574
05/09/2024,-0.678,-0.287
06/09/2024,0.164,0.209
09/09/2024,-0.1,0.084
10/09/2024,0.472,0.561
11/09/2024,0.289,-0.233
12/09/2024,0.054,-0.293
13/09/2024,0.667,0.532
16/09/2024,0.571,0.31
17/09/2024,-0.537,-1.037
18/09/2024,-0.34,-0.255
19/09/2024,-1.29,-0.201
20/09/2024,0.05,0.192
23/09/2024,0.245,-0.286
24/09/2024,-0.392,0.956
25/09/2024,0.14,-0.383
26/09/2024,-0.528,-0.089
27/09/2024,0.002,-0.748
30/09/2024,0.256,-0.607
01/10/2024,0.702,-0.753
02/10/2024,0.996,0.868
03/10/2024,-0.323,-0.352
04/10/2024,-0.912,0.138
07/10/2024,0.342,0.761
08/10/2024,-0.535,-0.325
09/10/2024,-0.425,-0.079
10/10/2024,0.058,0.582
11/10/2024,0.675,0.505
14/10/2024,-0.259,0.122
15/10/2024,0.487,0.827
16/10/2024,-0.04,0.491
17/10/2024,-1.458,-0.794
18/10/2024,-0.338,-0.013
21/10/2024,-0.261,-0.03
22/10/2024,0.37,0.451
23/10/2024,-0.011,-0.41
24/10/2024,0.534,-0.287
25/10/2024,1.612,1.242
28/10/2024,0.073,0.73
29/10/2024,0.809,1.071
30/10/2024,-0.332,0.396
31/10/2024,0.113,0.371
01/11/2024,0.51,0.675
04/11/2024,0.045,-0.119
05/11/2024,-0.883,-0.798
06/11/2024,-0.513,0.144
07/11/2024,-0.936,-0.383
08/11/2024,-0.082,0.255
11/11/2024,-0.485,0.106
12/11/2024,-0.263,-0.384
13/11/2024,0.19,-0.031
14/11/2024,0.052,0.498
15/11/2024,1.132,0.816
18/11/2024,0.028,0.497
19/11/2024,0.525,0.656
20/11/2024,0.172,-0.098
21/11/2024,-1.348,-0.797
22/11/2024,-0.099,0.443
25/11/2024,0.358,-0.258
26/11/2024,1.573,1.506
27/11/2024,0.095,-0.234
28/11/2024,1.174,0.536
29/11/2024,0.389,0.493
02/12/2024,0.115,-0.149
03/12/2024,1.145,0.49
04/12/2024,-0.705,-0.84
05/12/2024,-0.94,-0.53
06/12/2024,0.623,0.932
09/12/2024,1.018,0.415
10/12/2024,-0.2,-0.553
11/12/2024,1.189,0.533
12/12/2024,0.157,0.362
13/12/2024,0.929,0.771
16/12/2024,-0.255,-0.969
17/12/2024,0.352,0.063
18/12/2024,0.437,0.859
19/12/2024,0.033,0.111
20/12/2024,-0.846,-0.684
23/12/2024,0.045,-0.002
24/12/2024,0.45,0.977
25/12/2024,0.195,0.442
26/12/2024,1.142,1.191
27/12/2024,-1.101,-0.313
30/12/2024,0.429,0.674
31/12/2024,0.183,-0.135
01/01/2025,-0.369,-0.071
02/01/2025,-0.405,0.01
03/01/2025,-0.313,0.523
06/01/2025,0.415,0.455
07/01/2025,0.896,0.573
08/01/2025,-0.027,0.167
09/01/2025,-0.185,-0.591
10/01/2025,0.804,0.134
13/01/2025,0.571,0.198
14/01/2025,0.996,0.062
15/01/2025,0.094,-0.165
16/01/2025,-0.035,-0.283
17/01/2025,-0.669,-1.401
20/01/2025,0.692,-0.068
21/01/2025,-0.143,-0.568
22/01/2025,0.175,-0.549
23/01/2025,0.197,0.091
24/01/2025,-0.304,1.073
27/01/2025,0.253,-0.482
28/01/2025,-1.126,-1.141
29/01/2025,0.59,0.23
30/01/2025,-0.628,-0.1
31/01/2025,-0.148,-0.371
03/02/2025,-0.317,-0.214
04/02/2025,-0.022,-0.001
05/02/2025,0.239,0.202
06/02/2025,0.078,0.411
07/02/2025,-0.484,0.411
10/02/2025,0.3,1.02
11/02/2025,0.614,0.334
12/02/2025,-0.231,0.54
13/02/2025,0.236,0.73
14/02/2025,-0.771,-0.018
17/02/2025,0.24,0.63
18/02/2025,-0.037,0.055
19/02/2025,0.671,-0.302
20/02/2025,-0.141,0.083
21/02/2025,-0.469,-0.279
24/02/2025,0.437,-0.074
25/02/2025,-0.436,-0.046
26/02/2025,-0.115,0.008
27/02/2025,0.066,-0.177
28/02/2025,-0.622,0.132
03/03/2025,0.792,0.951
04/03/2025,-0.049,-0.083
05/03/2025,0.19,0.893
06/03/2025,-0.126,0.669
07/03/2025,-0.342,-0.222
10/03/2025,0.085,0.206
11/03/2025,-0.187,-0.104
12/03/2025,-0.1,0.503
13/03/2025,-0.901,-0.636
14/03/2025,-0.281,0.148
17/03/2025,0.659,-0.425
18/03/2025,-0.316,0.051
19/03/2025,1.281,0.096
20/03/2025,-0.019,-0.579
21/03/2025,1.083,0.437
24/03/2025,-0.181,0.449
25/03/2025,0.699,0.767
26/03/2025,-0.083,0.009
27/03/2025,-0.181,-0.168
28/03/2025,0.8,0.88
31/03/2025,-0.383,-0.371
01/04/2025,0.421,0.649
02/04/2025,0.626,0.399
03/04/2025,-0.43,-0.144
04/04/2025,-1.14,-1.079
07/04/2025,-0.321,-0.724
08/04/2025,-1.514,-0.712
09/04/2025,-2.175,-2.446
10/04/2025,-0.506,-0.794
11/04/2025,-0.395,-0.303
14/04/2025,-0.195,0.631
15/04/2025,0.494,0.375
16/04/2025,-0.143,-0.362
17/04/2025,0.111,0.554
18/04/2025,-0.745,0.133
21/04/2025,-0.679,0.073
22/04/2025,0.198,0.062
23/04/2025,0.086,-0.14
24/04/2025,-0.435,-0.714
25/04/2025,-0.816,0.188
28/04/2025,-0.133,0.476
29/04/2025,-0.087,0.138
30/04/2025,-0.637,-0.294
01/05/2025,-0.252,-0.071
02/05/2025,0.089,0.841
05/05/2025,-0.605,0.122
06/05/2025,-1.468,-0.859
07/05/2025,0.906,0.256
08/05/2025,-0.576,-1.296
09/05/2025,0.138,0.276
12/05/2025,0.212,-0.456
13/05/2025,-0.426,0.517
14/05/2025,0.965,0.096
15/05/2025,0.538,0.436
16/05/2025,-0.036,0.472
19/05/2025,-0.987,-0.164
20/05/2025,-0.458,-0.442
21/05/2025,0.376,0.19
22/05/2025,-0.299,-0.636
23/05/2025,-0.467,0.128
26/05/2025,-0.898,-0.328
27/05/2025,0.726,0.63
28/05/2025,0.585,-0.344
29/05/2025,0.313,0.815
30/05/2025,0.699,0.02
02/06/2025,-0.371,-0.005
03/06/2025,1.228,1.064
04/06/2025,0.917,0.414
05/06/2025,0.625,0.68
06/06/2025,-0.23,0.348
09/06/2025,0.244,0.866
10/06/2025,-0.155,0.024
11/06/2025,0.554,0.609
12/06/2025,-0.323,-0.729
13/06/2025,-0.488,-0.733
16/06/2025,0.117,0.175
17/06/2025,0.182,0.02
18/06/2025,-0.335,0.529
19/06/2025,0.044,-0.279
20/06/2025,0.716,0.45
23/06/2025,-1.581,-0.307
24/06/2025,-0.556,-0.9
25/06/2025,0.787,0.092
26/06/2025,1.083,-0.129
27/06/2025,0.064,-0.224
30/06/2025,-0.912,-0.619
01/07/2025,0.059,-0.69
02/07/2025,0.529,-0.012
03/07/2025,0.844,0.845
04/07/2025,0.366,-0.384
07/07/2025,-0.743,-0.454
08/07/2025,0.3,0.413
09/07/2025,0.169,-0.225
10/07/2025,0.165,0.502
11/07/2025,0.393,-0.467
14/07/2025,0.003,-0.698
15/07/2025,0.319,0.617
16/07/2025,0.013,0.491
17/07/2025,-0.761,-0.923
18/07/2025,-0.631,-0.198
21/07/2025,-0.722,-0.561
22/07/2025,0.814,0.157
23/07/2025,-0.584,-0.092
24/07/2025,-0.857,-0.474
25/07/2025,0.351,0.687
28/07/2025,0.933,1.204
29/07/2025,1.038,0.342
30/07/2025,1.46,0.329
31/07/2025,0.223,-0.534
01/08/2025,-0.409,0.191
04/08/2025,0.405,0.829
05/08/2025,0.923,0.616
06/08/2025,1.015,0.398
07/08/2025,-0.192,-0.15
08/08/2025,0.883,0.123
11/08/2025,-0.209,-1.026
12/08/2025,-0.857,-1.127
13/08/2025,-0.102,-0.072
14/08/2025,0.043,0.205
15/08/2025,0.538,0.001
18/08/2025,0.893,0.586
19/08/2025,-0.658,-0.669
20/08/2025,0.478,-0.189
21/08/2025,0.186,-0.13
22/08/2025,1.126,1.316
25/08/2025,-0.332,-0.111
26/08/2025,-1.157,-0.769
27/08/2025,-0.188,0.215
28/08/2025,-0.399,-0.424
29/08/2025,-0.169,-0.313
01/09/2025,-1.117,-0.409
02/09/2025,0.158,-0.227
03/09/2025,0.453,-0.424
04/09/2025,-0.624,-0.043
05/09/2025,0.226,0.632
08/09/2025,-0.286,0.597
09/09/2025,-1.185,-1.214
10/09/2025,0.588,1.054
11/09/2025,-0.905,-0.487
12/09/2025,-0.557,0.074
15/09/2025,0.407,0.896
16/09/2025,0.439,0.349
17/09/2025,-0.866,-0.263
18/09/2025,0.229,-0.058
19/09/2025,-0.024,-0.341
22/09/2025,-0.621,-0.906
23/09/2025,0.418,0.554
24/09/2025,-0.04,-0.226
25/09/2025,0.437,0.198
26/09/2025,0.517,0.644
29/09/2025,0.591,-0.22
30/09/2025,0.162,0.562
01/10/2025,0.641,0.324
02/10/2025,0.477,0.348
03/10/2025,1.267,0.592
06/10/2025,0.228,0.396
07/10/2025,-0.14,-0.059
08/10/2025,0.167,-0.34
09/10/2025,1.484,0.601
10/10/2025,0.032,0.106
13/10/2025,0.227,0.86
14/10/2025,-0.636,-0.962
15/10/2025,-0.241,0.275
16/10/2025,-0.785,-0.487
17/10/2025,0.006,0.245
20/10/2025,-0.83,0.068
21/10/2025,-0.644,-0.304
22/10/2025,-0.136,0.237
23/10/2025,1.203,1.058
24/10/2025,0.06,-0.505
27/10/2025,1.132,0.209
28/10/2025,-0.328,-0.061
29/10/2025,0.782,0.669
30/10/2025,0.453,0.805
31/10/2025,0.832,0.189
03/11/2025,-0.809,0.379
04/11/2025,0.556,0.427
05/11/2025,0.15,0.427
06/11/2025,0.119,-0.247
07/11/2025,0.59,0.163
10/11/2025,0.681,0.95
11/11/2025,0.3,0.433
12/11/2025,0.501,0.621
13/11/2025,-0.902,-0.012
14/11/2025,-0.426,-0.712
17/11/2025,0.762,0.645
18/11/2025,-0.693,0.193
19/11/2025,-0.058,0.301
20/11/2025,0.071,-0.309
21/11/2025,-0.091,-0.291
24/11/2025,-0.074,-0.664
25/11/2025,-0.457,-0.506
26/11/2025,-0.169,0.609
27/11/2025,-0.678,-0.167
28/11/2025,0.178,-0.273
01/12/2025,0.816,0.284
02/12/2025,1.028,0.588
03/12/2025,0.397,0.101
04/12/2025,0.48,-0.648
05/12/2025,-0.111,-0.306
08/12/2025,-0.244,-0.347
09/12/2025,0.291,-0.237
10/12/2025,0.045,-0.332
11/12/2025,-0.418,0.002
12/12/2025,-0.53,0.562
