Date,Brent_25D,RBOB_25D,ULSD_25D
01/01/2016,-0.272,-0.293,0.015
04/01/2016,-0.964,-0.874,-1.08
05/01/2016,-0.481,-1.212,-1.18
06/01/2016,-0.41,-0.047,-0.657
07/01/2016,-0.532,0.99,-0.442
08/01/2016,-0.207,0.457,0.464
11/01/2016,0.031,1.029,1.386
12/01/2016,0.491,0.456,-0.251
13/01/2016,0.681,0.866,0.197
14/01/2016,-0.332,0.046,-0.356
15/01/2016,1.3,0.051,0.452
18/01/2016,1.451,0.966,0.561
19/01/2016,-0.533,0.945,-0.398
20/01/2016,0.356,-0.158,0.04
21/01/2016,0.441,0.717,-0.171
22/01/2016,0.365,0.607,0.926
25/01/2016,-0.66,0.367,0.127
26/01/2016,0.028,0.534,0.667
27/01/2016,-0.001,-0.638,-0.739
28/01/2016,0.465,0.262,0.664
29/01/2016,0.792,0.978,0.261
01/02/2016,1.289,0.643,1.494
02/02/2016,0.738,-0.054,0.439
03/02/2016,0.637,0.217,1.271
04/02/2016,1.245,0.118,-0.776
05/02/2016,-0.257,-0.305,-0.612
08/02/2016,-0.864,0.474,-0.03
09/02/2016,0.601,-0.182,-0.217
10/02/2016,0.553,0.69,1.066
11/02/2016,-0.211,0.099,0.227
12/02/2016,0.59,0.071,-0.024
15/02/2016,0.763,0.985,0.091
16/02/2016,0.225,-0.049,0.07
17/02/2016,-0.222,0.689,0.191
18/02/2016,0.293,1.02,0.558
19/02/2016,0.481,-0.807,-0.224
22/02/2016,0.176,0.337,-0.735
23/02/2016,-0.193,-0.404,0.802
24/02/2016,0.512,0.322,0.429
25/02/2016,1.417,0.721,1.328
26/02/2016,-0.693,-0.243,0.233
29/02/2016,1.117,0.531,1.95
01/03/2016,0.948,1.156,1.107
02/03/2016,-0.126,1.044,0.568
03/03/2016,1.284,1.199,0.773
04/03/2016,-1.139,-0.628,-1.09
07/03/2016,-0.858,-0.065,-0.29
08/03/2016,-1.348,-0.372,-0.482
09/03/2016,0.366,0.025,-0.444
10/03/2016,1.411,1.031,1.171
11/03/2016,0.192,-0.095,-0.389
14/03/2016,0.269,0.114,-0.142
15/03/2016,-0.654,-0.966,-1.523
16/03/2016,-63.326,-47.149,-53.384
17/03/2016,-6.05,-4.372,-4.583
18/03/2016,-0.493,-1.236,-0.015
21/03/2016,0.012,0.763,0.065
22/03/2016,0.598,0.746,0.743
23/03/2016,0.249,-0.555,-0.236
24/03/2016,-1.411,-1.44,-0.142
25/03/2016,-0.493,0.133,-0.574
28/03/2016,-0.083,-0.02,0.289
29/03/2016,-0.271,-0.127,-0.656
30/03/2016,1.203,1.581,1.849
31/03/2016,-0.188,0.439,0.281
01/04/2016,-0.547,0.185,0.001
04/04/2016,-0.137,0.58,0.523
05/04/2016,-0.114,-0.865,-0.063
06/04/2016,0.723,1.299,1.283
07/04/2016,-0.088,-0.796,1.359
08/04/2016,0.201,-0.845,0.137
11/04/2016,-0.409,-0.195,0.052
12/04/2016,0.466,0.612,0.331
13/04/2016,1.286,-0.122,-0.503
14/04/2016,-0.651,0.258,-0.428
15/04/2016,-0.634,-0.718,-1.172
18/04/2016,1.123,0.67,0.367
19/04/2016,0.318,0.133,-0.257
20/04/2016,-0.793,-1.286,-2.109
21/04/2016,-28.546,-21.325,-23.986
22/04/2016,-1.761,-1.254,-1.082
25/04/2016,-0.87,0.027,-0.362
26/04/2016,0.102,0.655,1.247
27/04/2016,-0.6,0.003,0.272
28/04/2016,-0.682,-1.404,-1.826
29/04/2016,1.022,0.22,-0.067
02/05/2016,0.545,-0.152,-0.405
03/05/2016,-0.744,1.405,-0.033
04/05/2016,-0.325,0.555,0.939
05/05/2016,0.98,1.464,1.269
06/05/2016,-1.498,-0.593,-0.335
09/05/2016,-0.48,0.216,0.132
10/05/2016,-0.247,0.249,0.14
11/05/2016,0.506,0.236,0.714
12/05/2016,-1.526,-1.083,-0.196
13/05/2016,1.263,1.51,1.802
16/05/2016,-0.218,0.097,-0.051
17/05/2016,0.167,0.496,0.679
18/05/2016,-0.465,-0.279,0.094
19/05/2016,0.255,-0.43,0.182
20/05/2016,0.435,0.864,1.089
23/05/2016,-0.225,-0.344,-0.208
24/05/2016,-0.912,-0.773,-0.553
25/05/2016,0.114,0.224,0.598
26/05/2016,-0.156,-0.973,0.021
27/05/2016,0.296,-0.221,-0.124
30/05/2016,-0.001,-0.244,-0.129
31/05/2016,-0.654,-0.441,0.631
01/06/2016,0.292,1.006,1.45
02/06/2016,-0.244,-0.756,-0.273
03/06/2016,-0.14,0.352,0.275
06/06/2016,0.985,0.436,0.569
07/06/2016,0.634,0.779,0.829
08/06/2016,0.393,0.898,0.717
09/06/2016,0.193,0.458,0.144
10/06/2016,-0.491,0.702,-0.421
13/06/2016,0.414,0.788,0.812
14/06/2016,-0.46,-1.104,-0.981
15/06/2016,0.021,0.595,0.358
16/06/2016,0.714,0.515,0.044
17/06/2016,0.507,-0.504,-0.269
20/06/2016,0.295,-0.317,-0.35
21/06/2016,0.198,-0.085,0.191
22/06/2016,0.613,0.637,0.943
23/06/2016,-0.495,-1.417,-0.057
24/06/2016,1.107,0.508,0.803
27/06/2016,-1.439,-1.05,-1.642
28/06/2016,-0.245,1.322,0.481
29/06/2016,0.773,0.718,0.886
30/06/2016,-0.572,-1.457,-1.496
01/07/2016,1.261,0.869,0.276
04/07/2016,-0.209,-1.103,-1.069
05/07/2016,2.222,1.255,1.422
06/07/2016,-1.073,-0.084,-0.853
07/07/2016,0.219,0.371,0.114
08/07/2016,-0.609,0.132,-0.315
11/07/2016,0.126,-0.432,0.175
12/07/2016,0.244,1.194,1.384
13/07/2016,-0.459,0.037,0.525
14/07/2016,0.366,-0.4,0.035
15/07/2016,-0.548,-2.037,-1.572
18/07/2016,-0.261,-1.204,-0.205
19/07/2016,0.926,0.429,1.083
20/07/2016,1.255,2.296,0.845
21/07/2016,0.643,0.23,1.096
22/07/2016,0.999,-0.037,-0.221
25/07/2016,1.475,1.598,1.587
26/07/2016,-0.512,0.671,0.232
27/07/2016,1.142,0.869,1.24
28/07/2016,0.9,1.289,0.587
29/07/2016,0.902,0.197,-0.072
01/08/2016,-0.312,-0.012,-0.638
02/08/2016,-0.002,0.771,0.105
03/08/2016,1.956,0.651,1.033
04/08/2016,0.934,0.712,0.656
05/08/2016,0.368,-0.048,0.463
08/08/2016,0.418,0.834,0.449
09/08/2016,1.054,2.083,2.276
10/08/2016,-1.042,-1.01,-0.782
11/08/2016,1.097,-1.245,0.184
12/08/2016,0.201,0.901,-0.173
15/08/2016,-0.026,0.736,-0.458
16/08/2016,-0.005,0.575,1.017
17/08/2016,-0.64,-0.711,0.075
18/08/2016,-0.429,0.005,0.78
19/08/2016,-0.57,0.217,-0.175
22/08/2016,-0.058,1.064,1.023
23/08/2016,-1.846,-1.074,-1.029
24/08/2016,0.211,0.652,0.141
25/08/2016,0.89,1.112,0.644
26/08/2016,0.082,-0.024,-0.08
29/08/2016,0.517,0.992,1.138
30/08/2016,-0.415,0.193,0.104
31/08/2016,-1.037,0.014,-0.118
01/09/2016,0.802,0.68,0.177
02/09/2016,0.89,1.992,1.567
05/09/2016,-0.337,0.39,0.449
06/09/2016,1.388,1.686,1.08
07/09/2016,1.073,1.01,0.521
08/09/2016,1.144,0.552,0.472
09/09/2016,-0.836,-0.098,-0.161
12/09/2016,-1.62,0.003,-0.921
13/09/2016,-0.405,-0.16,-0.065
14/09/2016,0.677,0.801,0.571
15/09/2016,-0.506,-0.845,-0.623
16/09/2016,0.406,0.629,0.244
19/09/2016,-0.026,0.192,0.205
20/09/2016,-0.793,-1.585,-1.395
21/09/2016,-0.48,-0.135,-1.139
22/09/2016,0.131,1.432,0.746
23/09/2016,0.837,-0.331,0.255
26/09/2016,0.917,0.481,-0.467
27/09/2016,0.66,0.21,-0.558
28/09/2016,-213.057,-160.158,-181.683
29/09/2016,-16.4,-13.787,-14.815
30/09/2016,-1.506,-0.932,-1.499
03/10/2016,-0.888,-0.411,-0.59
04/10/2016,0.624,0.194,0.568
05/10/2016,-0.772,-0.55,-0.727
06/10/2016,0.452,0.847,0.821
07/10/2016,-0.697,-0.295,0.048
10/10/2016,-0.918,-1.306,-0.193
11/10/2016,0.424,1.597,0.237
12/10/2016,-0.505,-1.137,-1.008
13/10/2016,-0.683,-0.311,0.628
14/10/2016,-0.052,-0.195,0.327
17/10/2016,0.046,-0.022,-0.368
18/10/2016,0.338,-1.227,-0.075
19/10/2016,-0.931,-0.595,-1.077
20/10/2016,0.16,0.055,0.663
21/10/2016,2.229,1.178,1.45
24/10/2016,0.568,1.388,0.176
25/10/2016,-0.203,-0.079,-0.985
26/10/2016,0.707,1.002,1.637
27/10/2016,-0.021,1.096,0.607
28/10/2016,-0.626,1.273,0.566
31/10/2016,0.526,0.101,0.902
01/11/2016,-0.551,-0.377,-1.001
02/11/2016,-1.562,-1.922,-1.853
03/11/2016,0.305,0.155,0.012
04/11/2016,0.535,0.811,0.656
07/11/2016,0.406,1.128,0.888
08/11/2016,1.106,0.499,-0.594
09/11/2016,0.232,-0.799,-1.551
10/11/2016,0.279,0.77,-0.082
11/11/2016,0.158,0.925,1.395
14/11/2016,-0.061,-1.262,-0.411
15/11/2016,0.643,0.945,0.998
16/11/2016,1.202,0.86,0.952
17/11/2016,0.67,0.029,0.57
18/11/2016,0.869,0.141,-0.203
21/11/2016,0.435,-0.258,-0.258
22/11/2016,-0.78,-0.054,0.211
23/11/2016,-0.035,0.403,0.753
24/11/2016,0.409,1.515,0.342
25/11/2016,-0.954,-0.182,0.283
28/11/2016,2.362,1.194,1.748
29/11/2016,0.352,0.668,0.736
30/11/2016,0.542,-0.326,-0.029
01/12/2016,-0.244,-0.122,-0.125
02/12/2016,-0.507,1.009,-0.34
05/12/2016,0.161,-0.087,-0.153
06/12/2016,0.474,0.221,0.016
07/12/2016,0.966,0.822,0.307
08/12/2016,-0.661,0.275,0.436
09/12/2016,-0.089,-0.531,0.101
12/12/2016,-0.245,-0.964,-1.633
13/12/2016,0.726,1.253,0.934
14/12/2016,-0.588,-0.105,-0.269
15/12/2016,0.459,1.172,0.136
16/12/2016,0.457,1.453,0.597
19/12/2016,-1.046,-0.688,0.395
20/12/2016,0.07,-0.109,-0.432
21/12/2016,-0.526,-0.23,-0.398
22/12/2016,-1.816,-2.085,-1.549
23/12/2016,0.239,0.18,1.169
26/12/2016,1.391,0.157,1.016
27/12/2016,0.883,0.232,0.841
28/12/2016,-0.839,0.094,-0.489
29/12/2016,0.151,0.235,0.367
30/12/2016,-0.344,0.341,0.373
02/01/2017,-0.259,-0.454,0.133
03/01/2017,-0.2,-0.609,-0.434
04/01/2017,1.435,1.087,1.301
05/01/2017,-0.115,0.815,0.079
06/01/2017,-0.664,-0.771,-0.427
09/01/2017,-0.134,-0.036,0.374
10/01/2017,0.723,0.584,0.411
11/01/2017,0.606,0.796,0.728
12/01/2017,1.215,0.558,0.36
13/01/2017,-0.022,0.016,0.701
16/01/2017,0.586,-0.036,-0.471
17/01/2017,0.658,-0.015,0.112
18/01/2017,-0.99,-0.919,-0.258
19/01/2017,-1.356,-1.351,-1.477
20/01/2017,-0.349,-1.423,-1.369
23/01/2017,0.45,0.74,-0.057
24/01/2017,0.736,1.606,0.935
25/01/2017,0.115,-0.179,0.772
26/01/2017,1.499,0.994,1.056
27/01/2017,0.705,0.196,-0.271
30/01/2017,-0.139,-0.367,-0.023
31/01/2017,1.119,-0.531,-0.295
01/02/2017,0.343,0.743,0.261
02/02/2017,0.937,-0.01,1.041
03/02/2017,0.261,0.783,0.821
06/02/2017,0.839,0.428,0.654
07/02/2017,1.607,0.597,1.864
08/02/2017,0.615,0.691,0.839
09/02/2017,0.189,-0.413,0.778
10/02/2017,-0.008,0.79,-0.13
13/02/2017,0.413,0.419,1.227
14/02/2017,0.715,0.662,0.674
15/02/2017,0.583,-1.265,-0.922
16/02/2017,1.067,-0.004,0.734
17/02/2017,-0.604,-1.114,-1.076
20/02/2017,-0.069,-0.885,-0.132
21/02/2017,0.052,-0.986,0.077
22/02/2017,-0.523,-1.223,-0.905
23/02/2017,0.454,-0.317,-0.426
24/02/2017,-0.076,0.028,-0.021
27/02/2017,-0.505,-0.723,-0.62
28/02/2017,1.35,0.814,1.342
01/03/2017,-1.344,-1.42,-1.165
02/03/2017,0.517,-0.604,-0.325
03/03/2017,0.193,-0.424,-0.045
06/03/2017,0.405,0.343,0.752
07/03/2017,0.971,1.022,0.689
08/03/2017,-1.08,-0.088,-0.772
09/03/2017,0.556,-0.458,-0.213
10/03/2017,1.534,0.358,0.008
13/03/2017,1.956,1.743,1.529
14/03/2017,1.203,0.636,0.934
15/03/2017,0.117,0.811,0.969
16/03/2017,-0.55,-0.719,0.249
17/03/2017,0.314,1.453,0.724
20/03/2017,0.424,0.332,0.262
21/03/2017,-0.738,-0.117,0.382
22/03/2017,0.479,-0.258,0.13
23/03/2017,-0.047,-0.545,-0.194
24/03/2017,0.484,-0.568,-0.208
27/03/2017,-0.378,-0.659,0.197
28/03/2017,1.397,0.219,0.585
29/03/2017,1.501,1.454,1.052
30/03/2017,-0.541,-0.015,-0.396
31/03/2017,1.549,2.131,0.736
03/04/2017,1.716,1.353,1.592
04/04/2017,-0.663,-0.12,-0.265
05/04/2017,-0.297,0.28,0.916
06/04/2017,-0.577,-0.363,-0.396
07/04/2017,-0.54,0.865,0.266
10/04/2017,0.24,1.113,0.646
11/04/2017,-0.862,-1.187,-1.366
12/04/2017,-0.133,-1.168,-0.379
13/04/2017,-0.278,-0.136,0.133
14/04/2017,0.177,-0.511,0.008
17/04/2017,-0.879,-0.761,-0.131
18/04/2017,0.875,-0.375,-0.24
19/04/2017,-0.939,-1.304,-1.546
20/04/2017,0.187,0.342,0.568
21/04/2017,-0.305,-0.016,-0.195
24/04/2017,-0.732,-2.137,-1.417
25/04/2017,0.103,-0.103,0.286
26/04/2017,0.936,1.299,0.343
27/04/2017,0.321,-0.106,-0.295
28/04/2017,-1.027,-0.501,-1.432
01/05/2017,0.124,-0.759,0.295
02/05/2017,0.789,0.007,0.375
03/05/2017,0.634,-0.004,0.548
04/05/2017,1.908,0.799,1.778
05/05/2017,0.775,0.51,1.068
08/05/2017,0.099,0.467,0.074
09/05/2017,0.552,-0.374,0.157
10/05/2017,1.044,0.606,-0.647
11/05/2017,-1.156,-0.036,-0.813
12/05/2017,0.218,1.022,1.181
15/05/2017,0.69,0.565,0.593
16/05/2017,0.159,0.07,-0.61
17/05/2017,-0.334,-0.061,-1.035
18/05/2017,1.038,0.048,0.704
19/05/2017,0.298,0.367,0.26
22/05/2017,-1.125,-1.68,-1.327
23/05/2017,-0.511,-0.687,-0.766
24/05/2017,0.193,0.181,0.221
25/05/2017,-0.187,-0.382,-0.06
26/05/2017,0.524,0.549,-0.468
29/05/2017,-0.456,-0.757,-0.363
30/05/2017,3.049,1.648,1.987
31/05/2017,-0.893,-0.444,-0.417
01/06/2017,0.523,0.892,1.661
02/06/2017,0.398,0.384,0.805
05/06/2017,-0.111,-0.315,-0.078
06/06/2017,-1.487,-1.795,-1.538
07/06/2017,-0.283,-1.335,-0.437
08/06/2017,-0.867,-0.343,0.218
09/06/2017,1.022,1.171,0.902
12/06/2017,0.601,0.188,0.442
13/06/2017,0.424,-0.752,-0.098
14/06/2017,0.602,-0.339,0.635
15/06/2017,1.286,0.893,1.275
16/06/2017,1.033,-0.056,0.376
19/06/2017,0.085,0.187,0.007
20/06/2017,0.038,1.11,1.449
21/06/2017,0.691,1.684,0.278
22/06/2017,-0.147,0.95,1.25
23/06/2017,-0.756,-0.555,0.489
26/06/2017,-0.221,0.254,-1.126
27/06/2017,-1.873,-0.984,-2.19
28/06/2017,-0.005,-1.829,-0.512
29/06/2017,-0.211,-0.802,-0.032
30/06/2017,-0.02,-0.408,-0.307
03/07/2017,0.013,0.327,0.037
04/07/2017,1.509,1.763,1.095
05/07/2017,0.825,0.635,1.291
06/07/2017,-0.833,0.325,-0.599
07/07/2017,-0.852,-0.111,-0.591
10/07/2017,-0.898,-0.181,-0.409
11/07/2017,0.782,1.232,1.182
12/07/2017,1.582,1.384,1.427
13/07/2017,-0.183,-0.372,0.317
14/07/2017,-0.001,0.3,0.279
17/07/2017,-0.098,-0.348,-0.288
18/07/2017,0.5,1.049,0.21
19/07/2017,-1.445,-0.531,-1.391
20/07/2017,0.923,0.498,0.369
21/07/2017,-0.769,-0.51,-0.391
24/07/2017,1.743,0.401,0.261
25/07/2017,0.499,-0.16,0.132
26/07/2017,0.263,0.314,0.362
27/07/2017,0.579,-0.295,1.03
28/07/2017,-0.076,1.15,0.859
31/07/2017,-2.153,-1.815,-1.197
01/08/2017,-1.287,-1.13,-0.979
02/08/2017,-1.033,-1.042,-1.2
03/08/2017,0.297,0.861,0.337
04/08/2017,1.187,1.324,0.792
07/08/2017,-0.621,0.435,0.02
08/08/2017,-1.236,0.187,-0.172
09/08/2017,-1.327,-0.78,-0.097
10/08/2017,-0.475,0.022,-0.216
11/08/2017,-0.05,-0.171,0.174
14/08/2017,1.019,1.117,0.393
15/08/2017,0.178,0.675,0.129
16/08/2017,-0.331,-1.258,-0.756
17/08/2017,0.616,0.669,1.276
18/08/2017,0.933,-0.788,0.243
21/08/2017,0.079,0.028,0.072
22/08/2017,0.436,-0.241,0.482
23/08/2017,0.279,1.417,0.06
24/08/2017,-0.264,0.615,-0.855
25/08/2017,0.723,-0.885,-0.498
28/08/2017,-0.312,-0.58,-0.519
29/08/2017,-0.615,-0.519,-0.448
30/08/2017,-0.458,-0.099,0.235
31/08/2017,0.016,0.423,0.564
01/09/2017,0.625,0.662,0.593
04/09/2017,-0.556,-1.057,-0.829
05/09/2017,0.046,-1.141,-0.414
06/09/2017,-0.032,0.84,-0.107
07/09/2017,0.156,0.729,0.38
08/09/2017,0.376,-0.017,0.072
11/09/2017,0.177,0.244,-0.725
12/09/2017,0.805,1.184,0.22
13/09/2017,0.416,-0.889,0.196
14/09/2017,1.005,-0.166,0.472
15/09/2017,0.327,0.534,0.355
18/09/2017,0.618,0.555,0.613
19/09/2017,0.304,-0.221,0.565
20/09/2017,-0.459,0.837,-1.031
21/09/2017,-1.011,-0.092,-0.632
22/09/2017,0.294,1.557,1.357
25/09/2017,-0.19,0.615,-0.968
26/09/2017,0.788,0.536,-0.202
27/09/2017,0.198,0.046,0.261
28/09/2017,-0.432,0.304,0.627
29/09/2017,0.48,0.642,-0.025
02/10/2017,0.051,0.913,0.523
03/10/2017,-1.383,-0.392,-1.532
04/10/2017,-0.839,-0.699,-1.103
05/10/2017,-0.758,-0.518,0.248
06/10/2017,-0.672,-0.714,0.343
09/10/2017,0.739,0.412,0.84
10/10/2017,-0.04,-1.222,-0.776
11/10/2017,0.886,0.499,0.456
12/10/2017,-1.082,-1.296,-1.471
13/10/2017,-0.458,0.639,-0.282
16/10/2017,-0.892,-0.328,-1.163
17/10/2017,-0.055,-0.801,-0.383
18/10/2017,-0.582,0.048,-0.854
19/10/2017,-0.978,-0.823,-0.989
20/10/2017,-0.552,-1.169,-0.64
23/10/2017,-1.615,-1.552,-1.116
24/10/2017,-0.198,-0.369,0.35
25/10/2017,-0.074,-0.525,0.175
26/10/2017,0.313,0.88,0.14
27/10/2017,2.572,1.503,1.196
30/10/2017,0.414,0.648,0.638
31/10/2017,0.198,-0.484,-0.64
01/11/2017,0.625,0.241,0.137
02/11/2017,-0.793,-1.219,-0.816
03/11/2017,-0.035,-1.003,-0.541
06/11/2017,1.502,1.262,1.069
07/11/2017,0.697,0.129,0.81
08/11/2017,0.203,-0.266,0.641
09/11/2017,1.124,-0.856,0.248
10/11/2017,1.936,1.292,1.696
13/11/2017,-0.401,-0.969,-0.783
14/11/2017,0.941,1.209,0.644
15/11/2017,0.874,0.218,1.204
16/11/2017,-0.477,0.286,0.275
17/11/2017,-1.066,-0.598,-0.695
20/11/2017,-0.261,0.178,0.303
21/11/2017,0.5,0.322,0.012
22/11/2017,0.915,0.387,0.294
23/11/2017,-1.188,-1.066,-0.939
24/11/2017,-0.806,0.274,-1.025
27/11/2017,1.814,1.121,0.959
28/11/2017,-1.854,-1.692,-1.672
29/11/2017,-0.37,-2.083,-0.443
30/11/2017,-0.259,-1.362,-0.644
01/12/2017,-0.585,-0.231,-0.745
04/12/2017,0.233,0.47,0.092
05/12/2017,-0.113,-0.883,-0.482
06/12/2017,-1.3,-0.681,-0.902
07/12/2017,-0.195,1.22,0.655
08/12/2017,0.689,-0.117,0.519
11/12/2017,1.528,-0.058,1.138
12/12/2017,0,-0.025,-0.406
13/12/2017,0.493,-0.413,0.775
14/12/2017,-0.75,-0.553,-1.23
15/12/2017,-20.878,-14.752,-17.024
18/12/2017,-1.302,-0.518,-1.569
19/12/2017,-0.292,0.265,-0.668
20/12/2017,1.82,2,2.776
21/12/2017,-1.075,-0.777,-1.141
22/12/2017,-0.595,-0.085,-0.048
25/12/2017,0.255,-0.55,-0.338
26/12/2017,0.211,0.867,0.212
27/12/2017,0.297,0.128,0.779
28/12/2017,1.391,0.416,0.552
29/12/2017,0.316,0.98,-0.636
01/01/2018,0.045,-0.56,-0.461
02/01/2018,0.553,0.165,-0.528
03/01/2018,1.099,0.542,0.138
04/01/2018,-0.678,0.218,0.041
05/01/2018,-0.617,0.445,0.65
08/01/2018,0.275,0.803,0.84
09/01/2018,-1.014,-0.252,-0.478
10/01/2018,-0.15,-0.624,-0.333
11/01/2018,0.074,0.574,0.411
12/01/2018,-0.235,2.067,1.33
15/01/2018,-1.134,0.54,-0.579
16/01/2018,0.452,-0.795,-0.347
17/01/2018,0.427,0.235,0.992
18/01/2018,0.531,1.168,0.848
19/01/2018,0.562,0.574,1.318
22/01/2018,-0.066,0.176,-0.182
23/01/2018,1.588,1.19,1.186
24/01/2018,1.674,-0.556,0.363
25/01/2018,0.659,0.759,1.141
26/01/2018,-0.673,0.477,0.514
29/01/2018,1.058,-0.129,0.893
30/01/2018,0.801,0.143,0.417
31/01/2018,0.256,-0.12,-0.423
01/02/2018,1.421,0.583,0.667
02/02/2018,0.342,0.803,0.668
05/02/2018,-1.662,-0.858,-1.003
06/02/2018,-0.992,-1.131,-0.842
07/02/2018,0.986,0.75,0.74
08/02/2018,-0.285,-1.379,0.277
09/02/2018,-0.115,-0.506,-0.29
12/02/2018,0.795,0.48,0.406
13/02/2018,0.661,-0.082,-0.453
14/02/2018,0.072,-0.953,-0.745
15/02/2018,1.138,1.442,2.045
16/02/2018,-0.195,0.757,0.255
19/02/2018,0.028,-0.346,-0.421
20/02/2018,0.279,0.453,-0.161
21/02/2018,-1.139,-1.179,-0.547
22/02/2018,-0.559,-1.232,-1.217
23/02/2018,0.035,-0.106,-0.511
26/02/2018,-0.499,0.104,0.384
27/02/2018,0.573,0.23,0.481
28/02/2018,0.584,0.283,0.131
01/03/2018,-0.932,-0.155,-0.238
02/03/2018,-1.425,-0.819,-1.513
05/03/2018,-0.22,-0.491,-0.303
06/03/2018,0.2,-0.37,0.374
07/03/2018,-0.213,-0.405,-0.006
08/03/2018,-1.057,-0.927,-1.422
09/03/2018,-0.537,-0.33,-1.479
12/03/2018,-0.646,-0.343,-0.668
13/03/2018,-0.177,-0.154,0.17
14/03/2018,0.721,0.366,0.394
15/03/2018,0.046,-0.388,-0.721
16/03/2018,-0.739,-0.513,-0.246
19/03/2018,0.739,-0.597,-0.265
20/03/2018,0.491,0.414,0.304
21/03/2018,-0.827,0.231,-0.856
22/03/2018,1.015,0.213,1.238
23/03/2018,0.243,0.396,0.271
26/03/2018,-0.917,-0.347,-0.469
27/03/2018,-0.328,-0.66,-0.454
28/03/2018,-1.546,0.054,-0.151
29/03/2018,-0.416,0.811,0.632
30/03/2018,-0.862,-0.895,-0.378
02/04/2018,-0.56,-1.799,-0.603
03/04/2018,-0.095,-0.224,-0.944
04/04/2018,-0.19,0.211,0.995
05/04/2018,0.113,0.085,0.443
06/04/2018,0.822,-0.224,-0.149
09/04/2018,0.189,0.576,-0.351
10/04/2018,0.679,0.952,0.452
11/04/2018,0.073,1.011,0.582
12/04/2018,1.667,1.249,1.329
13/04/2018,1.186,1.611,0.993
16/04/2018,0.777,-0.087,-0.719
17/04/2018,0.122,0.135,0.368
18/04/2018,0.001,0.409,-0.074
19/04/2018,1.241,0.681,0.643
20/04/2018,-0.796,-0.956,-1.257
23/04/2018,0.584,1.869,0.575
24/04/2018,0.462,0.355,-0.671
25/04/2018,-0.454,-0.24,-0.291
26/04/2018,-0.68,-1.324,-1.166
27/04/2018,-0.084,1.319,0.476
30/04/2018,0.095,0.798,0.425
01/05/2018,0.106,0.316,-0.127
02/05/2018,0.453,0.24,-0.21
03/05/2018,-0.706,-0.877,-0.812
04/05/2018,-0.263,-0.714,-0.125
07/05/2018,-0.43,-0.17,-0.071
08/05/2018,1.098,1.142,1.068
09/05/2018,0.718,1.015,-0.12
10/05/2018,0.678,0.526,0.464
11/05/2018,1.39,0.667,0.391
14/05/2018,-0.206,-0.557,-0.808
15/05/2018,-1.619,-1.001,-0.754
16/05/2018,-1.098,-0.683,-0.085
17/05/2018,0.407,0.318,0.588
18/05/2018,0.523,0.104,0.676
21/05/2018,2.17,1.519,0.888
22/05/2018,0.128,-0.646,-0.885
23/05/2018,0.26,0.944,0.549
24/05/2018,0.572,0.08,0.933
25/05/2018,-0.863,-0.578,-0.686
28/05/2018,0.742,1.485,1.765
29/05/2018,-1.228,-0.391,-0.945
30/05/2018,0.392,0.143,-0.334
31/05/2018,-0.287,-0.1,-0.241
01/06/2018,-0.149,-0.237,-0.543
04/06/2018,0.036,0.262,-0.129
05/06/2018,1.085,-0.226,0.457
06/06/2018,0.873,0.205,0.248
07/06/2018,-0.324,-0.684,-0.54
08/06/2018,-0.529,0.359,-0.499
11/06/2018,0.912,0.833,1.572
12/06/2018,-0.799,-1.915,-1.129
13/06/2018,1.098,1.634,1.136
14/06/2018,0.684,0.692,0.517
15/06/2018,2.14,2.012,1.377
18/06/2018,1.22,-0.186,-0.248
19/06/2018,1.703,1.659,2.124
20/06/2018,-1.644,-1.168,-1.09
21/06/2018,0.248,0.204,1.475
22/06/2018,1.272,1.134,1.48
25/06/2018,-0.57,-0.672,-0.443
26/06/2018,0.617,0.431,0.375
27/06/2018,-0.263,-0.083,-0.006
28/06/2018,0.74,-0.102,0.111
29/06/2018,2.065,1.401,1.216
02/07/2018,0.471,0.665,1.34
03/07/2018,2.836,0.642,2.075
04/07/2018,0.103,-0.105,0.176
05/07/2018,0.134,-0.334,0.059
06/07/2018,-0.167,-0.027,-0.212
09/07/2018,0.839,-0.03,0.552
10/07/2018,2.474,2.092,2.19
11/07/2018,0.292,0.293,0.812
12/07/2018,-0.897,-0.477,-0.466
13/07/2018,0.339,1.526,0.723
16/07/2018,-0.028,-0.755,-0.391
17/07/2018,-0.054,-0.416,-0.651
18/07/2018,0.053,-0.613,0.053
19/07/2018,-0.426,-1.229,-0.782
20/07/2018,-0.378,-0.435,-0.864
23/07/2018,0.063,0.739,0.09
24/07/2018,0.103,0.635,0.274
25/07/2018,1.413,1.546,1.461
26/07/2018,1.05,0.694,1.215
27/07/2018,1.041,1.699,1.177
30/07/2018,1.193,0.767,0.837
31/07/2018,-0.482,0.855,0.773
01/08/2018,1.01,1.128,1.143
02/08/2018,-0.912,0.061,-1.747
03/08/2018,0.636,-0.738,0.294
06/08/2018,-0.204,0.058,0.416
07/08/2018,1.153,0.857,1.176
08/08/2018,0.4,-1.631,-0.614
09/08/2018,0.863,0.776,0.055
10/08/2018,0.723,1.034,0.745
13/08/2018,-0.315,0.127,0.524
14/08/2018,0.095,0.297,0.153
15/08/2018,0.68,0.214,-0.004
16/08/2018,0.719,1.095,0.279
17/08/2018,0.555,0.994,1.19
20/08/2018,-0.022,-0.131,0.379
21/08/2018,0.4,0.149,0.174
22/08/2018,0.134,0.568,-0.848
23/08/2018,0.693,-0.397,0.394
24/08/2018,0.01,-0.924,-0.562
27/08/2018,-0.06,0.099,-0.17
28/08/2018,0.143,-0.685,-0.479
29/08/2018,0.375,0.194,0.433
30/08/2018,0.54,2.121,1.259
31/08/2018,0.957,1.609,1.281
03/09/2018,0.969,-0.033,0.625
04/09/2018,0.37,-0.048,-0.532
05/09/2018,-0.468,-0.627,-0.333
06/09/2018,0.109,0.98,1.099
07/09/2018,-0.232,0.556,-0.067
10/09/2018,-1.14,-0.632,-0.015
11/09/2018,0.965,0.726,0.666
12/09/2018,-0.275,-0.072,-0.319
13/09/2018,-0.308,0.301,0.458
14/09/2018,0.563,1.004,0.389
17/09/2018,1.887,1.902,2.983
18/09/2018,-0.067,-0.044,-0.089
19/09/2018,0.557,0.259,-0.2
20/09/2018,-0.365,-0.949,-0.465
21/09/2018,-0.215,-0.549,-0.231
24/09/2018,-0.404,-0.24,-0.51
25/09/2018,0.792,0.004,-0.334
26/09/2018,1.379,1.44,1.251
27/09/2018,0.243,0.025,0.018
28/09/2018,-1.413,-0.365,-1.181
01/10/2018,-0.391,0.852,0.182
02/10/2018,-0.971,-1.155,-1.05
03/10/2018,0.675,1.171,0.789
04/10/2018,0.977,0.292,0.776
05/10/2018,0.938,0.757,1.167
08/10/2018,0.099,-0.935,-1.056
09/10/2018,0.004,0.922,0.437
10/10/2018,0.34,-0.396,-0.115
11/10/2018,0.662,0.453,0.232
12/10/2018,-1.791,-0.969,-1.255
15/10/2018,-1.348,-1.434,-1.439
16/10/2018,-0.035,-0.055,0.705
17/10/2018,2.398,1.538,1.106
18/10/2018,0.352,0.604,0.783
19/10/2018,1.451,1.037,2.084
22/10/2018,1.294,1.251,1.067
23/10/2018,0.041,-0.139,-0.334
24/10/2018,0.525,-0.623,-0.425
25/10/2018,-0.493,0.422,-0.414
26/10/2018,0.388,-0.632,-0.113
29/10/2018,0.559,0.703,0.003
30/10/2018,0.271,-0.336,-0.319
31/10/2018,0.795,0.433,0.391
01/11/2018,1.133,-0.191,0.112
02/11/2018,0.05,0.341,0.626
05/11/2018,-0.21,0.202,0.66
06/11/2018,-0.853,-0.395,-1.493
07/11/2018,-0.86,-0.493,-0.429
08/11/2018,1.918,1.648,0.923
09/11/2018,-0.098,-0.076,-0.508
12/11/2018,0.72,0.358,0.501
13/11/2018,0.808,-0.428,-0.744
14/11/2018,-0.718,-0.829,-1.187
15/11/2018,0.814,0.944,1.27
16/11/2018,1.123,0.13,-0.282
19/11/2018,-0.286,0.491,0.292
20/11/2018,-0.321,0.156,-1.268
21/11/2018,0.052,-0.12,-0.08
22/11/2018,-0.983,-0.617,-0.479
23/11/2018,-1.436,-0.261,-0.554
26/11/2018,0.414,0.404,0.593
27/11/2018,0.53,0.758,0.675
28/11/2018,0.622,1.281,1.305
29/11/2018,1.003,0.687,1.117
30/11/2018,1.115,1.405,1.996
03/12/2018,0.938,1.212,1.247
04/12/2018,-0.26,-0.005,-0.36
05/12/2018,-0.27,-1.644,-0.682
06/12/2018,-0.133,0.269,-0.202
07/12/2018,-0.341,-0.783,-0.013
10/12/2018,-1.074,-0.135,0.033
11/12/2018,0.553,0.932,0.84
12/12/2018,0.124,-2.198,-0.969
13/12/2018,0.292,-0.391,0.436
14/12/2018,1.164,-0.08,0.309
17/12/2018,0.217,-0.533,0.046
18/12/2018,-0.452,-0.167,-0.477
19/12/2018,0.868,0.808,1.171
20/12/2018,0.485,-0.648,-0.252
21/12/2018,-0.632,0.225,-0.227
24/12/2018,0.105,-0.638,-0.49
25/12/2018,-0.269,0.742,0.194
26/12/2018,-0.372,-0.872,-0.396
27/12/2018,0.198,0.293,-0.084
28/12/2018,-0.225,-0.499,-0.295
31/12/2018,-0.466,0.93,0.94
01/01/2019,0.185,0.679,0.942
02/01/2019,0.892,0.232,0.832
03/01/2019,-0.915,-0.21,0.063
04/01/2019,-0.175,0.133,0.136
07/01/2019,1.501,1.512,0.886
08/01/2019,0.649,1.588,1.61
09/01/2019,1.191,0.313,0.319
10/01/2019,1.115,1.759,2.055
11/01/2019,0.092,0.588,0.48
14/01/2019,0.18,-0.713,0.269
15/01/2019,0.318,0.964,0.451
16/01/2019,-0.321,0.644,-0.36
17/01/2019,-0.1,-0.089,-0.052
18/01/2019,0.705,1.008,0.333
21/01/2019,0.178,-0.522,-1.326
22/01/2019,0.374,1.445,0.593
23/01/2019,-0.191,0.866,-0.051
24/01/2019,1.047,0.896,0.969
25/01/2019,0.806,0.922,0.592
28/01/2019,0.726,-0.28,0.714
29/01/2019,1.444,0.823,1.393
30/01/2019,1.341,0.536,1.552
31/01/2019,0.456,1.062,1.422
01/02/2019,0.252,-0.185,0.161
04/02/2019,-0.861,0.126,0.182
05/02/2019,-0.89,-0.583,-0.725
06/02/2019,1.303,1.098,1.363
07/02/2019,0.864,0,0.072
08/02/2019,-0.458,0.221,-0.243
11/02/2019,0.429,0.243,0.166
12/02/2019,-63.425,-47.803,-54.33
13/02/2019,-3.331,-3.331,-2.738
14/02/2019,1.009,0.727,0.569
15/02/2019,0.1,-0.131,-0.293
18/02/2019,0.612,1.278,0.555
19/02/2019,0.995,1.188,0.631
20/02/2019,0.659,-0.369,-0.331
21/02/2019,0.132,-0.301,-0.015
22/02/2019,0.436,-0.33,0.178
25/02/2019,1.286,0.687,1.213
26/02/2019,0.713,0.507,0.969
27/02/2019,0.581,-0.438,1.166
28/02/2019,0.116,0.882,0.819
01/03/2019,-0.406,-0.386,0.342
04/03/2019,1.425,0.955,0.833
05/03/2019,-0.331,-1.66,-1.555
06/03/2019,0.931,0.48,0.369
07/03/2019,0.673,0.788,-0.256
08/03/2019,-0.161,0.462,-0.051
11/03/2019,-1.319,-0.721,-0.602
12/03/2019,0.17,0.496,0.676
13/03/2019,0.121,-0.526,0.159
14/03/2019,0.179,0.795,0.054
15/03/2019,1.645,-0.258,0.958
18/03/2019,0.463,1.502,1.459
19/03/2019,0.13,-0.29,-0.294
20/03/2019,0.611,0.31,0.414
21/03/2019,1.823,2.07,1.557
22/03/2019,1.156,-0.943,-0.107
25/03/2019,0.846,-0.038,0.572
26/03/2019,0.088,-0.631,0.757
27/03/2019,1.335,1.011,0.743
28/03/2019,-0.512,0.147,-0.408
29/03/2019,0.561,0.015,0.599
01/04/2019,1.282,1.148,0.863
02/04/2019,1.139,1.288,0.942
03/04/2019,-0.916,-1.507,-1.998
04/04/2019,0.624,-0.349,0.849
05/04/2019,0.385,1.511,2.084
08/04/2019,-0.411,0.297,0.325
09/04/2019,1.998,2.061,2.295
10/04/2019,-0.756,-0.234,-0.455
11/04/2019,1.049,1.047,0.522
12/04/2019,0.078,0.628,0.72
15/04/2019,-0.645,-0.46,-0.437
16/04/2019,1.063,1.466,1.288
17/04/2019,-2.219,-1.849,-1.253
18/04/2019,-0.76,-1.172,-0.185
19/04/2019,0.154,-0.168,-0.024
22/04/2019,-0.112,-1.008,-1.019
23/04/2019,1.023,1.232,0.819
24/04/2019,0.975,-0.057,0.05
25/04/2019,0.218,0.13,0.431
26/04/2019,1.559,2.182,2.062
29/04/2019,-0.441,-0.038,-1.033
30/04/2019,-0.233,0.087,-0.798
01/05/2019,0.571,0.861,0.432
02/05/2019,2.115,1.726,2.404
03/05/2019,-0.625,0.032,-0.374
06/05/2019,0.535,-0.038,0.423
07/05/2019,0.868,0.629,1
08/05/2019,-0.723,-1.316,-0.806
09/05/2019,0.59,-0.528,0.113
10/05/2019,1.049,0.131,0.852
13/05/2019,0.554,0.72,0.765
14/05/2019,0.021,-0.093,-0.01
15/05/2019,-0.65,-1.501,-1.037
16/05/2019,-0.918,-0.59,-0.492
17/05/2019,-1.078,-1.107,-1.551
20/05/2019,0.415,1.28,0.406
21/05/2019,-0.263,0.576,0.367
22/05/2019,-0.923,-0.493,0.052
23/05/2019,0.131,-0.395,-0.671
24/05/2019,-0.92,-0.263,0.003
27/05/2019,0.083,-0.082,-0.506
28/05/2019,1.015,0.866,0.339
29/05/2019,-0.531,0.196,0.2
30/05/2019,1.106,0.873,1.287
31/05/2019,0.963,0.61,0.84
03/06/2019,0.285,1.166,-0.223
04/06/2019,-0.657,0.448,-0.107
05/06/2019,0.397,0.062,-0.024
06/06/2019,0.826,0.128,0.384
07/06/2019,0.481,0.002,-0.591
10/06/2019,0.144,-0.213,-0.656
11/06/2019,0.212,0.223,0.136
12/06/2019,0.494,-0.463,0.351
13/06/2019,1.086,0.51,1.399
14/06/2019,0.26,-0.858,0.535
17/06/2019,-0.661,-1.056,-0.186
18/06/2019,0.13,0.165,0.036
19/06/2019,-1.359,-1.117,-0.448
20/06/2019,-0.655,0.075,0.092
21/06/2019,1.556,1.296,1.826
24/06/2019,0.593,0.213,1.401
25/06/2019,-0.113,0.599,1.246
26/06/2019,-1.367,-1.536,-0.883
27/06/2019,-0.83,-0.489,-0.926
28/06/2019,-0.137,-1.452,-0.651
01/07/2019,1.646,0.221,0.455
02/07/2019,0.524,0.045,0.924
03/07/2019,-0.125,-0.483,-0.068
04/07/2019,0.678,0.484,-0.73
05/07/2019,0.746,0.73,0.009
08/07/2019,-0.27,-0.378,0.442
09/07/2019,-1.091,-0.794,-0.741
10/07/2019,0.043,0.39,0.366
11/07/2019,0.217,0.946,0.929
12/07/2019,-0.646,-0.188,0.072
15/07/2019,0.623,0.339,0.849
16/07/2019,0.549,0.138,0.103
17/07/2019,0.118,0.437,-0.033
18/07/2019,-0.296,0.887,0.169
19/07/2019,0.157,0.506,0.237
22/07/2019,0.21,-0.091,0.402
23/07/2019,0.278,1.273,0.329
24/07/2019,0.564,0.879,0.352
25/07/2019,1.076,1.44,1.258
26/07/2019,-0.183,0.239,-0.063
29/07/2019,0.846,1.023,0.452
30/07/2019,-0.707,0.499,-0.251
31/07/2019,-0.266,-0.535,0.762
01/08/2019,-0.337,0.253,0.071
02/08/2019,1.415,1.782,1.299
05/08/2019,-0.411,-0.102,-0.361
06/08/2019,1.347,0.218,0.328
07/08/2019,-0.671,-1.655,-0.956
08/08/2019,0.241,-0.004,-0.723
09/08/2019,0.61,0.077,0.097
12/08/2019,0.849,0.849,1.719
13/08/2019,-0.716,-0.931,-0.346
14/08/2019,-0.006,1.102,0.232
15/08/2019,-0.938,-0.762,-0.978
16/08/2019,0.954,-0.398,0.811
19/08/2019,-1.464,-1.589,-1.457
20/08/2019,1.934,1.256,0.985
21/08/2019,-0.139,0.503,-0.058
22/08/2019,0.569,1.125,0.663
23/08/2019,1.126,0.579,0.212
26/08/2019,0.706,-0.085,-0.178
27/08/2019,0.397,0.453,0.902
28/08/2019,-0.194,0.094,0.269
29/08/2019,1.029,0.508,0.885
30/08/2019,0.386,1.062,0.407
02/09/2019,0.629,-0.358,-0.375
03/09/2019,-0.868,0.545,-0.275
04/09/2019,0.124,0.706,0.065
05/09/2019,0.614,0.647,0.481
06/09/2019,0.999,2.586,1.572
09/09/2019,-0.98,1.072,-0.015
10/09/2019,0.795,0.223,0.23
11/09/2019,0.427,0.543,-0.743
12/09/2019,-0.151,-0.566,-0.251
13/09/2019,-3.388,-2.565,-1.89
16/09/2019,0.318,-0.005,0.188
17/09/2019,0.135,0.56,0.583
18/09/2019,1.625,1.233,1.086
19/09/2019,0.771,1.11,1.401
20/09/2019,0.675,0.668,0.328
23/09/2019,-0.217,-0.969,0.157
24/09/2019,0.537,-0.049,0.305
25/09/2019,-1.173,-0.954,-0.66
26/09/2019,0.32,0.331,0.418
27/09/2019,0.027,0.005,0.078
30/09/2019,-0.647,-1.643,-0.787
01/10/2019,-0.044,0.529,0.754
02/10/2019,0.31,-0.929,-0.781
03/10/2019,-0.266,0.865,0.14
04/10/2019,-0.829,-0.387,-0.17
07/10/2019,0.751,0.711,0.062
08/10/2019,-0.786,1.109,0.269
09/10/2019,1.702,1.155,1.624
10/10/2019,0.683,-0.415,-0.35
11/10/2019,-0.377,-1.203,-1.09
14/10/2019,-1.044,-0.445,-1.055
15/10/2019,0.359,0.963,0.235
16/10/2019,-0.799,-0.838,-0.619
17/10/2019,-0.162,0.933,0.672
18/10/2019,1.661,2.06,1.192
21/10/2019,-0.572,-1.5,-1.152
22/10/2019,-1.156,-0.882,-0.515
23/10/2019,0.014,-0.175,0.423
24/10/2019,0.033,-0.134,-0.896
25/10/2019,0.875,0.991,0.856
28/10/2019,1.817,-0.004,1.413
29/10/2019,-0.053,-0.404,-0.324
30/10/2019,0.837,0.878,0.919
31/10/2019,1.36,1.149,1.136
01/11/2019,1.185,2.011,1.548
04/11/2019,-0.642,-0.894,-1.523
05/11/2019,-1.165,-0.279,-0.158
06/11/2019,0.288,0.347,0.933
07/11/2019,0.682,1.659,1.047
08/11/2019,-0.624,0.701,-1.265
11/11/2019,0.597,0.105,0.721
12/11/2019,0.362,0.346,0.99
13/11/2019,1.387,1.572,1.631
14/11/2019,0.063,0.345,0.13
15/11/2019,1.471,2.244,2.1
18/11/2019,0.979,1.086,1.218
19/11/2019,0.543,0.571,0.107
20/11/2019,0.694,0.283,0.462
21/11/2019,0.677,0.583,0.971
22/11/2019,2.049,1.41,1.418
25/11/2019,0.68,-0.129,-0.537
26/11/2019,0.93,1.308,0.624
27/11/2019,-1.223,-0.752,-1.199
28/11/2019,-0.574,0.389,-0.105
29/11/2019,-0.371,-0.009,-0.204
02/12/2019,-0.017,1.008,0.828
03/12/2019,-1.212,-1.416,-1.202
04/12/2019,-1.026,-0.424,0.289
05/12/2019,0.67,-0.256,-0.356
06/12/2019,-0.796,-1.638,-1.133
09/12/2019,-0.379,-0.388,0.199
10/12/2019,-0.565,0.871,-0.167
11/12/2019,0.228,0.22,0.159
12/12/2019,-1.4,-0.232,-0.543
13/12/2019,1.661,1.311,1.396
16/12/2019,-0.368,0.011,0.461
17/12/2019,-0.329,-0.758,-0.6
18/12/2019,-0.583,-0.317,-0.012
19/12/2019,-0.336,-1.111,-1.166
20/12/2019,-0.689,0.101,-0.035
23/12/2019,-0.827,0.571,-0.503
24/12/2019,0.395,0.829,-0.039
25/12/2019,0.209,0.011,-0.134
26/12/2019,0.957,0.086,1.133
27/12/2019,0.577,0.687,0.88
30/12/2019,0.366,0.225,0.69
31/12/2019,2.086,1.334,1.562
01/01/2020,0.571,0.528,0.459
02/01/2020,2.031,1.25,1.569
03/01/2020,0.551,-0.146,-0.482
06/01/2020,-0.09,-0.172,0.215
07/01/2020,1.575,1.871,1.424
08/01/2020,0.254,-0.124,-0.329
09/01/2020,0.822,0.919,0.448
10/01/2020,-0.166,0.305,-1.274
13/01/2020,0.338,1.182,-0.092
14/01/2020,1.251,1.152,1.532
15/01/2020,-0.011,0.279,0.454
16/01/2020,0.478,1.12,0.121
17/01/2020,1.219,1.605,1.446
20/01/2020,0.344,0.684,0.059
21/01/2020,-0.508,0.079,0.273
22/01/2020,0.822,1.636,0.58
23/01/2020,0.704,0.276,0.562
24/01/2020,0.089,-0.263,-0.722
27/01/2020,-0.059,0.395,0.764
28/01/2020,1.221,0.579,1.3
29/01/2020,-1.217,-1.15,-0.798
30/01/2020,-1.709,-1.149,-2.055
31/01/2020,1.845,1.673,0.681
03/02/2020,0.952,0.681,0.878
04/02/2020,-0.115,-0.429,0.298
05/02/2020,0.686,1.177,0.609
06/02/2020,0.006,-0.866,-0.301
07/02/2020,-1.559,-1.053,-0.285
10/02/2020,-0.794,-1.587,-0.306
11/02/2020,1.2,1.656,1.216
12/02/2020,-0.514,-0.04,0.02
13/02/2020,-0.704,-1.397,-0.992
14/02/2020,0.383,0.915,1.306
17/02/2020,-0.236,-0.36,-0.354
18/02/2020,0.892,1.677,2.237
19/02/2020,1.1,1.133,1.566
20/02/2020,0.945,0.765,1.241
21/02/2020,1.449,-0.272,-0.542
24/02/2020,-0.39,-0.737,-0.326
25/02/2020,-0.149,0.175,0.148
26/02/2020,1.802,1.565,1.792
27/02/2020,0.326,-0.687,-0.207
28/02/2020,-0.156,0.495,-0.215
02/03/2020,-0.12,-1.202,-0.948
03/03/2020,-0.382,0.1,0.398
04/03/2020,0.594,-0.823,-0.608
05/03/2020,0.44,0.117,0.511
06/03/2020,-0.103,0.484,0.701
09/03/2020,-0.714,-0.24,0.39
10/03/2020,-0.762,-0.853,-0.742
11/03/2020,-0.507,0.003,-0.109
12/03/2020,2.213,1.679,1.129
13/03/2020,-0.75,-0.729,-0.931
16/03/2020,0.463,0.443,1.175
17/03/2020,2.416,1.657,2.182
18/03/2020,0.454,1.184,1.741
19/03/2020,0.39,1.058,1.479
20/03/2020,-0.57,0.17,-0.02
23/03/2020,1.062,0.392,1.028
24/03/2020,-0.25,-0.747,0.454
25/03/2020,-0.331,0.359,0.351
26/03/2020,-1.747,-1.195,-1.581
27/03/2020,-0.035,0.112,-0.534
30/03/2020,0.085,-1.446,-0.857
31/03/2020,0.194,1.111,0.822
01/04/2020,-0.476,-0.751,-0.659
02/04/2020,0.035,0.66,0.767
03/04/2020,-1.329,-0.484,0.067
06/04/2020,0.291,-0.677,-0.867
07/04/2020,1.083,1.078,1.251
08/04/2020,-0.529,-1.161,-1.029
09/04/2020,1.39,0.663,0.346
10/04/2020,-1.264,-1.315,-0.453
13/04/2020,-0.324,-0.298,-0.486
14/04/2020,0.416,0.247,0.356
15/04/2020,0.532,0.708,0.595
16/04/2020,1.943,1.978,1.547
17/04/2020,0.601,1.916,0.45
20/04/2020,0.73,1.142,1.964
21/04/2020,0.612,0.611,0.952
22/04/2020,0.393,0.634,-0.075
23/04/2020,0.305,-1.002,-1.364
24/04/2020,1.023,1.127,0.6
27/04/2020,-0.657,-0.375,0.688
28/04/2020,-0.789,-1.165,-0.353
29/04/2020,-0.803,-0.434,-0.934
30/04/2020,0.196,-0.219,-0.074
01/05/2020,0.836,1.458,1.261
04/05/2020,1.119,-0.071,-0.4
05/05/2020,0.402,-1.246,0.533
06/05/2020,0.576,0.148,0.647
07/05/2020,-0.066,0.005,0.203
08/05/2020,1.962,1.806,1.945
11/05/2020,1.201,-0.144,0.102
12/05/2020,1.548,0.135,0.15
13/05/2020,0.528,0.52,0.918
14/05/2020,-0.4,0.501,-0.181
15/05/2020,0.502,0.572,0.688
18/05/2020,-1.085,0.147,0.066
19/05/2020,0.565,-0.419,0.1
20/05/2020,-0.364,-1.068,-0.107
21/05/2020,-0.489,-0.808,0.44
22/05/2020,0.015,-0.428,-0.92
25/05/2020,1.351,1.241,1.328
26/05/2020,0.645,0.362,1.077
27/05/2020,-0.633,0.014,-0.329
28/05/2020,0.463,0.824,0.667
29/05/2020,0.406,1.218,0.776
01/06/2020,-0.64,1.337,1.613
02/06/2020,-0.793,-0.685,-0.549
03/06/2020,1.532,0.199,1.616
04/06/2020,0.639,-0.168,0.208
05/06/2020,0.971,1.339,1.166
08/06/2020,0.511,0.643,0.507
09/06/2020,0.297,0.371,-0.236
10/06/2020,0.052,0.886,0.995
11/06/2020,2.228,1.577,2.349
12/06/2020,-0.329,1.581,0.656
15/06/2020,-0.099,0.805,0.226
16/06/2020,-0.633,-0.894,-1.285
17/06/2020,1.116,1.456,1.137
18/06/2020,-0.266,-0.036,-0.013
19/06/2020,-0.763,-1.622,-1.222
22/06/2020,-0.096,-0.1,0.575
23/06/2020,0.466,0.469,0.438
24/06/2020,0.255,0.905,0.688
25/06/2020,0.466,0.371,0.131
26/06/2020,-0.996,-0.635,-0.089
29/06/2020,1.443,1.125,1.467
30/06/2020,0.882,0.52,1.283
01/07/2020,2.311,2.221,1.097
02/07/2020,1.792,0.815,0.804
03/07/2020,0.866,1.011,1.923
06/07/2020,0.88,1.653,2.103
07/07/2020,-22.541,-16.972,-19.705
08/07/2020,-2.404,-3.244,-2.731
09/07/2020,0.759,0.717,0.598
10/07/2020,0.383,-0.575,0.127
13/07/2020,1.575,0.35,0.805
14/07/2020,0.586,-0.498,-0.707
15/07/2020,0.112,0.584,-0.427
16/07/2020,1.285,-0.383,-0.831
17/07/2020,0.649,-0.015,0.106
20/07/2020,-0.292,0.704,0.349
21/07/2020,-0.354,1.235,1.184
22/07/2020,-0.585,-0.575,-0.377
23/07/2020,-0.619,-1.017,-0.339
24/07/2020,0.862,-0.248,0.383
27/07/2020,-0.272,0.335,0.263
28/07/2020,0.629,1.203,0.64
29/07/2020,1.684,0.035,1.297
30/07/2020,-1.579,-0.942,-1.106
31/07/2020,0.837,1.44,0.773
03/08/2020,-0.89,-0.799,-0.302
04/08/2020,0.978,-0.648,-0.92
05/08/2020,-0.219,-1.176,-1.308
06/08/2020,-0.372,-0.798,-0.776
07/08/2020,0.116,0.448,1.369
10/08/2020,0.702,0.246,0.126
11/08/2020,1.294,0.629,0.11
12/08/2020,0.444,0.406,0.509
13/08/2020,0.388,0.209,0.502
14/08/2020,-0.648,-0.093,-0.29
17/08/2020,-0.053,-0.586,-1.174
18/08/2020,-0.664,0.446,-0.093
19/08/2020,-1.483,-0.873,-1.518
20/08/2020,-1.105,0.061,-0.611
21/08/2020,-0.732,-0.314,-0.459
24/08/2020,-0.187,-0.59,-0.243
25/08/2020,0.569,0.465,0.304
26/08/2020,-0.468,-0.159,-0.4
27/08/2020,1.12,1.224,0.678
28/08/2020,1.203,1.078,1.077
31/08/2020,-0.378,-0.349,-0.142
01/09/2020,0.053,-0.244,-0.579
02/09/2020,-0.004,-0.253,-0.199
03/09/2020,1.495,1.195,2.423
04/09/2020,0.258,0.682,0.788
07/09/2020,0.753,0.229,-0.257
08/09/2020,-0.037,-0.448,-0.386
09/09/2020,0.268,-0.563,0.049
10/09/2020,1.199,0.9,0.956
11/09/2020,0.334,0.223,0.049
14/09/2020,-0.569,-0.425,-1.111
15/09/2020,0.397,-0.023,0.667
16/09/2020,-0.728,-0.473,0.757
17/09/2020,0.56,-0.577,-0.213
18/09/2020,0.084,-0.898,0.148
21/09/2020,0.01,-0.72,-0.479
22/09/2020,0.364,-0.074,0.483
23/09/2020,0.851,-0.246,0.927
24/09/2020,0.648,1.236,0.992
25/09/2020,-0.416,-0.088,0.395
28/09/2020,0.285,0.274,-0.433
29/09/2020,1.498,1.437,0.318
30/09/2020,-0.798,-1.087,0.526
01/10/2020,-1.617,-1.741,-1.663
02/10/2020,0.219,-1.015,-1.483
05/10/2020,1.014,1.36,1.431
06/10/2020,0.352,-0.265,-0.576
07/10/2020,2.241,1.996,1.499
08/10/2020,1.609,1.609,2.024
09/10/2020,0.22,0.388,0.254
12/10/2020,-0.064,1.052,0.324
13/10/2020,-0.087,-0.38,-0.124
14/10/2020,1.114,1.484,0.253
15/10/2020,0.954,0.127,-0.387
16/10/2020,0.785,0.304,0.892
19/10/2020,0.46,1.021,-0.19
20/10/2020,0.913,-0.26,0.142
21/10/2020,0.29,-0.079,0.108
22/10/2020,1.197,0.578,0.824
23/10/2020,-0.151,0.361,0.753
26/10/2020,-0.469,-0.18,0.249
27/10/2020,0.19,0.71,0.241
28/10/2020,1.809,1.793,0.726
29/10/2020,0.405,1.825,1.248
30/10/2020,0.349,0.661,-0.084
02/11/2020,1.316,1.101,0.9
03/11/2020,-0.279,0.252,0.145
04/11/2020,-0.24,-0.813,-0.882
05/11/2020,0.053,0.14,0.187
06/11/2020,0.312,0.338,0.404
09/11/2020,0.652,1.712,0.445
10/11/2020,0.923,1.78,1.468
11/11/2020,1.101,0.712,0.855
12/11/2020,1.742,1.393,2.011
13/11/2020,1.209,1.123,0.636
16/11/2020,-0.252,0.789,-0.408
17/11/2020,0.799,0.894,0.583
18/11/2020,0.82,1.149,1.23
19/11/2020,0.358,0.404,-0.087
20/11/2020,-1.076,-0.415,-0.56
23/11/2020,-0.523,-0.837,-0.82
24/11/2020,1.083,0.331,-0.079
25/11/2020,0.753,0.894,1.362
26/11/2020,-0.224,0.381,0.154
27/11/2020,0.122,0.752,0.966
30/11/2020,1.846,0.724,1.568
01/12/2020,-0.578,-0.401,-0.537
02/12/2020,0.867,1.375,1.289
03/12/2020,-1.144,-0.422,-0.848
04/12/2020,-0.372,0.556,0.388
07/12/2020,0.774,1.129,0.784
08/12/2020,0.838,0.941,0.889
09/12/2020,0.315,0.869,0.912
10/12/2020,-1.043,-1.281,-0.616
11/12/2020,1.243,1.327,0.761
14/12/2020,0.913,1.517,1.792
15/12/2020,-0.021,-0.099,-0.785
16/12/2020,0.407,0.061,0.158
17/12/2020,1.148,1.808,1.511
18/12/2020,-0.919,0.687,0.031
21/12/2020,0.469,-0.005,0.295
22/12/2020,-0.203,0.488,-0.631
23/12/2020,0.565,-0.146,0.749
24/12/2020,-0.19,-0.628,-0.348
25/12/2020,0.368,0.322,1.064
28/12/2020,1.508,0.447,0.73
29/12/2020,-1.187,-0.556,-0.528
30/12/2020,0.013,1.095,0.756
31/12/2020,-0.903,-0.038,-1.04
01/01/2021,0.131,0.26,0.414
04/01/2021,-0.57,-0.677,0.22
05/01/2021,-0.005,0.379,-0.4
06/01/2021,-0.15,0.19,0.494
07/01/2021,-0.625,0.068,-0.133
08/01/2021,0.163,-0.889,-0.108
11/01/2021,-0.198,-0.399,-0.225
12/01/2021,-1.215,-0.292,-0.781
13/01/2021,0.71,0.412,1.156
14/01/2021,-0.485,1.423,0.481
15/01/2021,-0.21,-0.592,-0.389
18/01/2021,-0.078,0.718,0.673
19/01/2021,1.517,0.035,0.863
20/01/2021,0.474,0.794,0.665
21/01/2021,1.152,0.303,0.51
22/01/2021,1.574,0.283,0.79
25/01/2021,-0.209,0.014,0.145
26/01/2021,-1.143,-0.001,0.556
27/01/2021,-0.744,-0.351,-1.047
28/01/2021,-0.004,-0.148,0.027
29/01/2021,0.038,-0.514,0.44
01/02/2021,-0.914,-0.255,0.161
02/02/2021,0.377,-1.767,-1.545
03/02/2021,-0.789,0.167,0.045
04/02/2021,1.412,0.225,0.122
05/02/2021,1.585,2.015,0.752
08/02/2021,-0.883,0.517,-0.086
09/02/2021,1.457,1.594,2.265
10/02/2021,-0.185,0.395,0.269
11/02/2021,0.544,0.33,-0.358
12/02/2021,-1.268,0.468,-0.475
15/02/2021,0.711,0.368,0.379
16/02/2021,0.923,1.5,1.449
17/02/2021,0.287,0.762,0.294
18/02/2021,-0.393,-0.102,-0.212
19/02/2021,-1.742,-0.75,-2
22/02/2021,-0.665,-0.231,-0.541
23/02/2021,0.672,0.752,1.349
24/02/2021,0.036,-0.436,-1.01
25/02/2021,-0.018,1.985,0.693
26/02/2021,-0.105,-0.322,-0.495
01/03/2021,0.034,0.459,0.296
02/03/2021,-0.951,-0.069,-0.263
03/03/2021,-0.649,-0.619,-0.37
04/03/2021,-1.968,-2.279,-1.874
05/03/2021,0.474,0.298,0.534
08/03/2021,-0.368,0.127,0.122
09/03/2021,-0.822,-1.229,-0.592
10/03/2021,0.528,-0.151,0.213
11/03/2021,1.022,1.01,0.564
12/03/2021,0.906,0.717,0.774
15/03/2021,1.353,0.612,1.076
16/03/2021,0.116,1.195,0.769
17/03/2021,0.562,0.796,0.421
18/03/2021,1.627,1.919,1.654
19/03/2021,-0.639,-0.517,0.201
22/03/2021,2.014,1.341,1.439
23/03/2021,-0.135,-0.397,0.146
24/03/2021,-0.018,0.394,0.926
25/03/2021,0.235,-0.081,0.696
26/03/2021,1.183,0.906,0.71
29/03/2021,0.759,0.759,-0.162
30/03/2021,1.016,0.173,0.888
31/03/2021,0.425,0.309,0.244
01/04/2021,-0.932,-0.936,-0.79
02/04/2021,-1.005,-0.588,0.116
05/04/2021,1.77,1.003,1.062
06/04/2021,-0.071,1.211,0.448
07/04/2021,0.646,1.221,0.978
08/04/2021,-0.399,-0.679,-0.368
09/04/2021,0.333,0.933,1.662
12/04/2021,1.408,0.37,0.614
13/04/2021,0.665,-0.367,0.673
14/04/2021,0.137,0.228,0.227
15/04/2021,0.28,-0.359,-0.064
16/04/2021,0.452,-0.839,-0.26
19/04/2021,-0.2,0.963,-0.833
20/04/2021,-0.22,0.05,-0.423
21/04/2021,-0.232,-0.138,0.302
22/04/2021,-0.269,0.077,0.444
23/04/2021,0.514,0.228,0.107
26/04/2021,0.764,0.629,0.584
27/04/2021,0.052,0.41,-0.681
28/04/2021,0.752,0.216,0.078
29/04/2021,0.993,0.326,0.099
30/04/2021,1.488,1.574,1.18
03/05/2021,0.838,0.863,0.983
04/05/2021,0.273,-0.054,0.874
05/05/2021,0.589,0.434,0.303
06/05/2021,0.566,0.938,0.547
07/05/2021,1.178,-0.413,-0.12
10/05/2021,0.832,0.697,0.862
11/05/2021,0.93,0.131,-0.68
12/05/2021,1.521,1.909,2.094
13/05/2021,0.231,2.278,1.777
14/05/2021,-0.094,0.585,-0.078
17/05/2021,0.785,1.034,0.506
18/05/2021,-1.15,0.898,-0.21
19/05/2021,0.662,1.123,0.737
20/05/2021,-0.864,0.102,-0.261
21/05/2021,0.501,-0.846,-0.528
24/05/2021,-0.467,0.836,-0.832
25/05/2021,-0.449,-0.522,-0.105
26/05/2021,1.247,0.805,1.973
27/05/2021,-0.022,-0.323,-0.033
28/05/2021,1.874,1.302,1.01
31/05/2021,-0.292,0.698,-0.343
01/06/2021,-1.069,-1.158,-0.541
02/06/2021,-0.65,0.471,0.472
03/06/2021,0.68,0.338,0.453
04/06/2021,0.95,0.629,1.86
07/06/2021,-0.385,-0.485,0.238
08/06/2021,0.269,0.237,-0.29
09/06/2021,0.653,-0.1,-0.29
10/06/2021,-0.585,-0.685,-1.158
11/06/2021,-0.715,-0.694,-0.347
14/06/2021,0.191,0.213,0.505
15/06/2021,-0.607,0.894,-0.316
16/06/2021,-0.582,-0.439,-0.795
17/06/2021,0.815,1.879,0.324
18/06/2021,0.24,0.775,-0.032
21/06/2021,-0.135,-0.328,0.788
22/06/2021,1.594,0.772,1.352
23/06/2021,0.824,0.793,0.548
24/06/2021,0.689,-0.483,0.245
25/06/2021,-0.14,0.043,-0.742
28/06/2021,0.889,0.33,-0.367
29/06/2021,1.117,1.026,0.514
30/06/2021,0.956,1.34,0.355
01/07/2021,1.215,0.935,0.407
02/07/2021,1.339,1.637,1.758
05/07/2021,0.299,0.637,0.478
06/07/2021,1.552,1.404,1.551
07/07/2021,1.042,0.54,0.088
08/07/2021,-0.307,-0.49,-0.561
09/07/2021,0.04,0.046,0.616
12/07/2021,0.693,0.97,1.376
13/07/2021,0.808,0.002,1.211
14/07/2021,0.873,0.453,0.211
15/07/2021,-0.229,-0.466,-0.252
16/07/2021,0.185,1.249,0.923
19/07/2021,1.345,1.697,2.16
20/07/2021,0.941,-0.375,0.609
21/07/2021,0.724,0.682,0.674
22/07/2021,1.238,2.032,1.252
23/07/2021,1.694,1.93,1.714
26/07/2021,1.357,1.138,1.61
27/07/2021,-0.074,0.114,0.461
28/07/2021,-0.121,-0.336,-0.614
29/07/2021,0.523,-0.276,-0.432
30/07/2021,-1.353,-1.301,-1.343
02/08/2021,0.786,0.793,-0.172
03/08/2021,0.339,1.134,0.767
04/08/2021,-0.011,-0.205,-1.374
05/08/2021,-1.09,-1.439,-1.844
06/08/2021,0.224,-0.033,-0.314
09/08/2021,-0.227,0.231,-0.119
10/08/2021,-0.151,0.944,0.483
11/08/2021,-0.062,-0.554,0.007
12/08/2021,-0.246,-0.02,0.363
13/08/2021,0.932,1.665,0.991
16/08/2021,-0.21,-0.946,-0.431
17/08/2021,-0.897,-0.385,-0.417
18/08/2021,0.525,0.04,0.272
19/08/2021,0.384,-0.087,0.491
20/08/2021,0.868,0.876,0.435
23/08/2021,2.222,2.205,2.319
24/08/2021,-0.664,0.603,-0.094
25/08/2021,2.344,1.787,1.417
26/08/2021,-0.209,-0.861,-1.001
27/08/2021,1.009,0.92,0.459
30/08/2021,0.152,0.464,-0.621
31/08/2021,1.997,1.781,1.459
01/09/2021,0.935,0.374,1.11
02/09/2021,0.365,0.489,0.614
03/09/2021,1.318,1.17,1.35
06/09/2021,-1.002,0.511,-0.535
07/09/2021,0.767,0.77,1.032
08/09/2021,-0.939,-0.674,-0.972
09/09/2021,-0.589,-0.981,-0.327
10/09/2021,-0.348,0.505,-0.499
13/09/2021,1.336,0.915,1.644
14/09/2021,-0.616,-1.454,-0.593
15/09/2021,-0.056,0.524,0.788
16/09/2021,0.049,-0.116,0.041
17/09/2021,0.413,-0.487,0.47
20/09/2021,-0.136,-0.64,-0.077
21/09/2021,0.88,0.591,0
22/09/2021,-1.035,-0.466,-0.522
23/09/2021,1.052,0.842,0.802
24/09/2021,1.426,1.156,1.119
27/09/2021,-0.318,-0.377,-0.214
28/09/2021,0.507,1.011,0.584
29/09/2021,0.4,-0.716,-0.794
30/09/2021,-1.205,0.206,-0.949
01/10/2021,0.448,1.506,0.187
04/10/2021,-0.187,0.053,0.075
05/10/2021,-0.218,-0.549,-0.037
06/10/2021,-0.07,0.593,0.839
07/10/2021,0.128,0.927,0.641
08/10/2021,0.58,0.868,0.947
11/10/2021,-0.25,0.445,-0.011
12/10/2021,-0.456,-1.157,0.07
13/10/2021,0.01,-1.004,-1.307
14/10/2021,-0.256,-0.429,-0.641
15/10/2021,0.373,-0.297,0.126
18/10/2021,1.038,0.588,0.42
19/10/2021,0.132,0.219,0.037
20/10/2021,-0.872,-0.273,0.303
21/10/2021,1.215,1.664,1.802
22/10/2021,-0.182,-0.191,-0.227
25/10/2021,-0.435,-0.508,0.314
26/10/2021,0.106,-0.629,-0.744
27/10/2021,0.062,0.469,-0.175
28/10/2021,-0.298,0.044,0.073
29/10/2021,1.703,0.709,0.513
01/11/2021,0.709,0.06,0.009
02/11/2021,-0.94,-0.477,0.026
03/11/2021,-0.102,0.464,0.028
04/11/2021,-0.602,-0.295,-0.9
05/11/2021,-0.365,0.318,0.893
08/11/2021,0.907,0.356,0.75
09/11/2021,0.814,0.773,1.139
10/11/2021,0.671,-0.298,0.567
11/11/2021,-0.399,-0.181,-0.805
12/11/2021,0.471,0.435,0.616
15/11/2021,1.634,1.885,1.725
16/11/2021,0.9,0.174,0.528
17/11/2021,-0.926,-1.06,-0.451
18/11/2021,-0.261,-1.198,-1.345
19/11/2021,0.319,0.342,0.539
22/11/2021,-0.443,0.075,-0.06
23/11/2021,2.137,1.521,1.459
24/11/2021,-0.18,-0.162,0.464
25/11/2021,2.249,2.449,2.357
26/11/2021,1.426,0.381,0.332
29/11/2021,-0.387,-0.95,-0.208
30/11/2021,0.389,0.539,1.048
01/12/2021,-0.581,0.638,-0.179
02/12/2021,0.291,-0.246,-0.458
03/12/2021,2.518,2.548,1.847
06/12/2021,0.517,2.531,2.217
07/12/2021,-0.003,0.128,0.827
08/12/2021,0.554,-0.444,-0.839
09/12/2021,-0.479,0.538,0.015
10/12/2021,0.484,0.19,0.261
13/12/2021,-0.39,-1.09,0.365
14/12/2021,0.022,0.705,0.64
15/12/2021,1.041,0.304,0.402
16/12/2021,0.385,0.582,0.848
17/12/2021,-0.055,0.312,0.99
20/12/2021,0.838,0.848,1.167
21/12/2021,1.787,1.655,1.031
22/12/2021,-0.518,-0.224,-0.124
23/12/2021,-0.432,-1.118,-0.775
24/12/2021,0.057,0.246,0.989
27/12/2021,0.222,0.92,1.089
28/12/2021,0.449,1.469,0.38
29/12/2021,0.415,0.558,0.346
30/12/2021,-0.211,-0.6,-0.695
31/12/2021,0.6,0.034,0.779
03/01/2022,0.174,0.534,-0.115
04/01/2022,1.394,1.041,1.29
05/01/2022,-0.227,-0.396,0.362
06/01/2022,0.984,0.148,0.506
07/01/2022,0.776,0.315,0.668
10/01/2022,0.144,-0.061,-0.023
11/01/2022,-1.09,-2.195,-1.436
12/01/2022,0.05,-0.757,-0.247
13/01/2022,0.008,0.186,0.056
14/01/2022,2.665,2.758,2.446
17/01/2022,-0.454,-0.537,-1.262
18/01/2022,-0.187,0.504,0.327
19/01/2022,0.58,0.046,-0.118
20/01/2022,-0.561,0.268,0.311
21/01/2022,0.009,-0.445,-0.301
24/01/2022,0.758,-0.363,-0.194
25/01/2022,-0.108,0.628,-0.134
26/01/2022,0.603,-0.164,-0.102
27/01/2022,0.261,0.511,0.176
28/01/2022,-0.682,0.219,0.453
31/01/2022,1.016,0.827,0.214
01/02/2022,-0.097,-0.583,-0.305
02/02/2022,0.991,0.948,0.407
03/02/2022,0.795,0.146,0.584
04/02/2022,-0.4,0.21,0.362
07/02/2022,-0.677,0.712,0.749
08/02/2022,0.834,0.329,0.023
09/02/2022,2.533,2.42,2.457
10/02/2022,0.71,1.223,2.279
11/02/2022,0.771,0.475,0.446
14/02/2022,1.778,1.994,1.677
15/02/2022,0.483,0.753,0.779
16/02/2022,-0.346,0.564,0.346
17/02/2022,0.473,2.136,1.954
18/02/2022,0.066,0.405,-0.39
21/02/2022,0.834,1.282,0.259
22/02/2022,1.186,0.549,1.381
23/02/2022,1.126,0.851,0.083
24/02/2022,-0.487,-0.199,-0.292
25/02/2022,0.921,0.078,-0.027
28/02/2022,-0.396,-0.265,-0.454
01/03/2022,0.03,0.611,0.401
02/03/2022,0.566,0.35,0.356
03/03/2022,0.242,-0.508,-0.752
04/03/2022,-0.993,-0.251,-0.361
07/03/2022,-1.163,0.166,-0.304
08/03/2022,-0.163,0.441,0.884
09/03/2022,0.338,0.959,0.751
10/03/2022,-0.447,-0.373,0.198
11/03/2022,-0.856,0.529,-0.229
14/03/2022,1.095,1.181,-0.238
15/03/2022,-1.412,-1.973,-1.818
16/03/2022,-0.06,-1.979,-0.746
17/03/2022,-0.572,-0.829,-0.717
18/03/2022,0.179,0.617,0.151
21/03/2022,1.224,1.587,0.487
22/03/2022,0.065,0.216,0.23
23/03/2022,1.715,-0.588,0.801
24/03/2022,1.237,1.085,0.758
25/03/2022,0.343,1.133,1.016
28/03/2022,0.982,0.295,1.028
29/03/2022,-1.033,-0.648,-0.388
30/03/2022,-0.6,-0.434,-0.838
31/03/2022,-0.932,-1.17,-0.858
01/04/2022,0.434,1.108,0.692
04/04/2022,-0.238,0.623,0.317
05/04/2022,0.755,1.84,1.747
06/04/2022,-0.14,0.311,-0.375
07/04/2022,0.727,1.023,1.149
08/04/2022,-0.163,0.095,-0.641
11/04/2022,-0.2,0.439,-0.129
12/04/2022,-0.578,-1.279,-0.941
13/04/2022,0.984,0.743,1.341
14/04/2022,1.067,0.054,1.149
15/04/2022,-1.288,-1.713,-1.185
18/04/2022,-0.426,-1.03,-1.139
19/04/2022,0.569,0.634,-0.103
20/04/2022,1.109,0.451,-0.559
21/04/2022,-0.364,-1.285,-1.261
22/04/2022,-0.518,-0.66,0.014
25/04/2022,-1.003,-0.32,-0.224
26/04/2022,0.344,0.46,0.11
27/04/2022,-0.63,-1.371,-1.582
28/04/2022,0.761,1.153,1.06
29/04/2022,0.598,-0.277,0.324
02/05/2022,-0.028,-0.176,-0.755
03/05/2022,0.811,0.089,0.376
04/05/2022,-0.054,0.115,-0.554
05/05/2022,0.235,0.118,-0.249
06/05/2022,-0.229,0.302,0.609
09/05/2022,0.785,-0.271,0.906
10/05/2022,0.096,0.933,-0.427
11/05/2022,0.555,1.687,1.723
12/05/2022,0.577,0.452,-0.525
13/05/2022,1.62,1.125,1.237
16/05/2022,0.394,-0.158,0.869
17/05/2022,0.307,0.389,0.42
18/05/2022,-2.282,-1.117,-1.287
19/05/2022,0.565,0.347,-0.002
20/05/2022,0.326,-0.403,1.316
23/05/2022,-0.574,-0.028,-0.335
24/05/2022,-0.107,1.205,0.496
25/05/2022,-0.915,-0.208,0.08
26/05/2022,-0.562,-0.141,-0.327
27/05/2022,-0.628,-1.178,-1.049
30/05/2022,0.449,0.334,0.04
31/05/2022,2.419,1.214,1.667
01/06/2022,0.208,0.246,-0.204
02/06/2022,-0.581,0.307,1.026
03/06/2022,0.6,1.511,1.085
06/06/2022,-0.382,-0.285,-1.06
07/06/2022,-0.558,-1.061,-0.622
08/06/2022,0.299,-1.738,0.088
09/06/2022,1.299,0.103,0.884
10/06/2022,-0.799,0.189,-0.29
13/06/2022,0.728,0.241,0.924
14/06/2022,1.379,1.448,2.027
15/06/2022,0.657,0.135,0.444
16/06/2022,0.165,0.367,-0.42
17/06/2022,1.251,0.783,0.942
20/06/2022,0.449,0.591,0.469
21/06/2022,-0.568,-0.2,-1.052
22/06/2022,-0.416,-0.361,-0.438
23/06/2022,-1.026,-1.173,-0.969
24/06/2022,0.818,1.018,1.176
27/06/2022,1.287,1.085,1.226
28/06/2022,0.554,-0.302,0.165
29/06/2022,-1.03,-0.514,-0.658
30/06/2022,-0.451,0.354,0.549
01/07/2022,-1.595,-1.657,-1.398
04/07/2022,-0.207,0.469,-0.67
05/07/2022,0.014,0.859,1.23
06/07/2022,0.037,0.233,0.651
07/07/2022,0.653,1.192,1.181
08/07/2022,-0.542,-0.895,-0.814
11/07/2022,0.187,-0.2,0.099
12/07/2022,1.032,1.104,0.591
13/07/2022,-0.434,-0.22,0.837
14/07/2022,-0.297,0.657,0.296
15/07/2022,0.509,-0.685,-0.444
18/07/2022,1.71,1.37,0.726
19/07/2022,0.585,0.693,0.553
20/07/2022,-0.696,-0.249,-0.545
21/07/2022,-0.046,-0.112,-0.066
22/07/2022,0.304,-0.355,0.001
25/07/2022,-0.791,0.16,-0.232
26/07/2022,0.083,-0.371,-0.502
27/07/2022,0.507,0.816,0.959
28/07/2022,-0.772,-0.521,-0.163
29/07/2022,-0.021,-0.053,-0.164
01/08/2022,-0.342,-0.775,0.452
02/08/2022,0.977,0.691,0.531
03/08/2022,0.755,0.743,0.793
04/08/2022,-1.63,-1.379,-2.126
05/08/2022,-0.794,0.565,-0.207
08/08/2022,0.14,-0.45,0.31
09/08/2022,0.717,0.823,0.411
10/08/2022,1.195,1.183,0.518
11/08/2022,-0.002,0.686,0.639
12/08/2022,-1.13,-0.259,-1.352
15/08/2022,0.264,0.311,0.36
16/08/2022,0.415,0.525,0.608
17/08/2022,-1.16,0.128,-0.523
18/08/2022,-0.51,0.028,0.762
19/08/2022,0.488,0.665,0.897
22/08/2022,-0.014,1.447,0.703
23/08/2022,-0.512,-0.135,-0.715
24/08/2022,-0.508,-0.128,-0.527
25/08/2022,0.239,-0.375,0.851
26/08/2022,0.206,-0.721,-0.556
29/08/2022,0.773,0.59,0.594
30/08/2022,1.155,1.036,1.31
31/08/2022,0.125,-0.298,0.01
01/09/2022,0.659,1.103,0.326
02/09/2022,-0.929,-0.998,-1.035
05/09/2022,2.17,0.13,0.163
06/09/2022,0.735,0.433,0.676
07/09/2022,0.326,-1.107,-0.316
08/09/2022,0.737,1.037,1.164
09/09/2022,-1.879,-1.098,-0.756
12/09/2022,0.222,-0.293,-0.123
13/09/2022,1.187,0.571,1.008
14/09/2022,-0.252,-0.402,-0.555
15/09/2022,1.426,0.809,1.154
16/09/2022,1.042,1.329,1.059
19/09/2022,1.232,1.941,1.03
20/09/2022,0.271,1.002,-0.012
21/09/2022,-0.563,-1.642,-1.743
22/09/2022,-0.119,-0.544,0.201
23/09/2022,1.283,0.343,0.452
26/09/2022,1.248,0.699,1.514
27/09/2022,-1.984,-1.504,-1.269
28/09/2022,0.836,0.486,-0.145
29/09/2022,0.923,1.393,1.172
30/09/2022,0.725,0.391,1.013
03/10/2022,0.318,-0.919,-0.098
04/10/2022,1.925,0.964,1.034
05/10/2022,0.202,-1.103,-0.405
06/10/2022,0.621,1.181,1.627
07/10/2022,0.267,0.277,0.721
10/10/2022,-0.143,-0.238,-0.333
11/10/2022,0.803,0.061,0.577
12/10/2022,0.676,-0.064,0.193
13/10/2022,0.407,0.919,0.269
14/10/2022,0.855,0.255,0.042
17/10/2022,-0.101,0.31,-0.093
18/10/2022,1.022,1.376,1.241
19/10/2022,0.075,0.114,-0.565
20/10/2022,-0.308,-0.798,-0.649
21/10/2022,-0.082,0.257,0.253
24/10/2022,-0.75,0.573,-0.204
25/10/2022,0.284,0.167,0.711
26/10/2022,0.51,0.951,0.465
27/10/2022,0.652,0.912,1.049
28/10/2022,1.202,1.022,0.331
31/10/2022,0.198,0.472,1.21
01/11/2022,-0.155,1.615,0.017
02/11/2022,0.261,-0.207,0.111
03/11/2022,0.628,-0.146,-0.128
04/11/2022,-0.844,0.1,-0.674
07/11/2022,1.082,1.712,1.382
08/11/2022,0.386,0.423,-0.139
09/11/2022,-0.212,0.661,0.925
10/11/2022,-0.107,0.202,0.997
11/11/2022,0.677,1.602,0.73
14/11/2022,0.322,-0.026,0.416
15/11/2022,-2.488,-1.384,-1.54
16/11/2022,0.319,1.001,0.33
17/11/2022,1.436,0.253,1.036
18/11/2022,1.1,0.097,-0.28
21/11/2022,0.476,1.92,0.937
22/11/2022,-0.113,-0.109,0.047
23/11/2022,1.603,1.093,1.307
24/11/2022,-1.093,0.085,-0.178
25/11/2022,0.857,1.169,1.244
28/11/2022,-0.329,0.349,0.007
29/11/2022,1.59,1.016,1.077
30/11/2022,-0.617,-0.237,-0.667
01/12/2022,1.028,0.439,0.259
02/12/2022,-0.238,0.184,-1.024
05/12/2022,0.09,0.953,0.523
06/12/2022,1.392,1.112,1.174
07/12/2022,0.608,-0.054,0.598
08/12/2022,0.225,0.839,-0.198
09/12/2022,0.522,0.953,0.673
12/12/2022,0.801,0.426,0.308
13/12/2022,0.816,-0.22,0.176
14/12/2022,0.128,0.482,0.064
15/12/2022,0.676,0.901,1.13
16/12/2022,-0.218,0.591,1.147
19/12/2022,-0.753,0.131,-0.355
20/12/2022,0.909,-0.205,-0.321
21/12/2022,0.523,-0.582,-0.559
22/12/2022,0.173,0.715,0.512
23/12/2022,0.331,-0.316,0.548
26/12/2022,-0.037,1.483,0.969
27/12/2022,0.081,0.14,-0.074
28/12/2022,0.595,-0.491,-0.002
29/12/2022,0.391,0.696,0.345
30/12/2022,-1.044,-0.919,-0.943
02/01/2023,0.866,-0.114,1.148
03/01/2023,0.051,-0.147,-0.066
04/01/2023,2.061,1.765,1.849
05/01/2023,-0.237,0.321,-0.181
06/01/2023,0.88,0.261,0.26
09/01/2023,-0.895,-1.323,-1.779
10/01/2023,0.134,0.944,-0.644
11/01/2023,-0.885,-1.541,-1.069
12/01/2023,-0.406,0.512,-0.106
13/01/2023,-0.748,0.135,-1.514
16/01/2023,0.516,0.503,0.427
17/01/2023,-0.089,-0.695,-0.401
18/01/2023,-1.357,-0.457,-0.606
19/01/2023,-0.769,0.203,-0.858
20/01/2023,0.344,0.798,0.803
23/01/2023,0.446,1.2,0.551
24/01/2023,-0.517,-0.696,-0.664
25/01/2023,0.859,0,-0.069
26/01/2023,-0.684,-0.946,-0.846
27/01/2023,-1.998,-1.603,-1.843
30/01/2023,0.963,0.375,1.362
31/01/2023,-0.191,-1.231,-0.911
01/02/2023,-0.377,0.398,1.061
02/02/2023,-0.447,-0.191,0.302
03/02/2023,0.91,0.972,0.84
06/02/2023,-0.068,-0.026,-0.827
07/02/2023,0.49,-0.138,-0.011
08/02/2023,-0.878,-0.512,-0.675
09/02/2023,0.804,0.47,0.513
10/02/2023,0.05,-0.826,-0.121
13/02/2023,-0.499,0.017,-0.16
14/02/2023,0.675,0.97,0.56
15/02/2023,0.316,1.691,0.875
16/02/2023,-0.399,0.655,0.174
17/02/2023,-0.838,-1.673,-0.677
20/02/2023,0.331,-0.578,-0.525
21/02/2023,-0.484,1.364,1.224
22/02/2023,-1.1,-0.684,-0.948
23/02/2023,0.475,0.1,0.893
24/02/2023,1.634,1.306,1.207
27/02/2023,0.397,0.115,-0.03
28/02/2023,-0.032,0.014,0.369
01/03/2023,0.159,0.161,-0.507
02/03/2023,0.941,0.172,0.341
03/03/2023,0.244,-1.277,-0.203
06/03/2023,0.17,0.578,-0.734
07/03/2023,0.017,0.383,0.336
08/03/2023,0.308,0.711,-0.333
09/03/2023,0.878,0.644,1.36
10/03/2023,0.58,0.212,0.672
13/03/2023,1.044,0.959,0.604
14/03/2023,-0.069,-0.302,-0.208
15/03/2023,0.606,0.01,1.229
16/03/2023,0.813,1.006,1.095
17/03/2023,-0.115,0.419,-1.155
20/03/2023,-0.182,-0.674,-1.403
21/03/2023,1.013,-0.292,0.8
22/03/2023,-0.402,-0.394,-0.302
23/03/2023,0.832,-0.166,-0.191
24/03/2023,1.25,0.609,0.904
27/03/2023,-0.869,-0.58,-0.798
28/03/2023,0.826,0.97,0.089
29/03/2023,0.094,1.026,0.939
30/03/2023,-1.164,-0.16,0.123
31/03/2023,-1.473,-1.547,-1.822
03/04/2023,-2.358,-1.696,-2.003
04/04/2023,0.292,-0.6,-0.181
05/04/2023,0.294,0.897,0.492
06/04/2023,0.987,1.004,0.755
07/04/2023,1.772,1.169,1.05
10/04/2023,1.312,1.264,1.385
11/04/2023,1.728,1.627,1.111
12/04/2023,-0.719,-1.042,-1.18
13/04/2023,0.66,0.66,0.902
14/04/2023,0.027,0.039,0.079
17/04/2023,0.859,1.156,-0.024
18/04/2023,-0.234,-0.431,-0.873
19/04/2023,-1.063,-1.005,-1.692
20/04/2023,-0.319,-0.883,-0.518
21/04/2023,0.648,0.482,0.444
24/04/2023,-0.729,0.46,-0.193
25/04/2023,-1.333,-0.823,-1.307
26/04/2023,0.189,1.344,-0.299
27/04/2023,0.632,0.653,0.6
28/04/2023,0.186,0.037,0.508
01/05/2023,0.033,0.414,0.256
02/05/2023,0.496,-0.35,-0.447
03/05/2023,0.503,0.362,-0.129
04/05/2023,-0.297,1.184,-0.229
05/05/2023,-0.039,0.206,0.118
08/05/2023,-0.321,0.24,-0.045
09/05/2023,1.905,1.087,0.559
10/05/2023,-0.012,0.602,0.551
11/05/2023,0.101,0.404,0.735
12/05/2023,0.51,0.205,-0.159
15/05/2023,1.367,1.406,1.099
16/05/2023,-0.125,-0.112,-0.064
17/05/2023,2.108,0.855,1.151
18/05/2023,-0.478,-0.109,-0.161
19/05/2023,1.323,1.057,0.957
22/05/2023,0.6,0.238,-0.148
23/05/2023,0.621,0.282,1.419
24/05/2023,0.592,0.186,0.289
25/05/2023,-1.952,-1.037,-1.284
26/05/2023,0.162,1.983,1.525
29/05/2023,-0.048,0.407,0.233
30/05/2023,-2.152,-2.276,-1.939
31/05/2023,0.662,0.507,0.421
01/06/2023,1.242,-0.193,0.769
02/06/2023,-0.805,0.572,-0.21
05/06/2023,-1.933,-1.971,-1.389
06/06/2023,-0.671,-0.873,-1.194
07/06/2023,2.191,2.029,1.658
08/06/2023,-0.018,0.767,0.339
09/06/2023,0.398,0.34,-0.154
12/06/2023,-0.588,-0.077,-1.191
13/06/2023,0.198,0.064,-0.003
14/06/2023,-0.882,-0.946,-0.883
15/06/2023,1.134,0.613,0.929
16/06/2023,-0.274,0.632,1.061
19/06/2023,0.687,1.344,1.256
20/06/2023,0.875,2.221,0.713
21/06/2023,-0.735,-0.695,0.663
22/06/2023,0.573,1.31,0.863
23/06/2023,-0.17,0.111,0.219
26/06/2023,0.685,1.637,0.466
27/06/2023,1.633,2.502,1.913
28/06/2023,0.97,0.12,1.055
29/06/2023,-0.131,1.084,0.428
30/06/2023,0.461,1.119,0.523
03/07/2023,0.708,0.916,0.506
04/07/2023,0.27,0.088,-0.292
05/07/2023,-0.78,-0.112,-1.276
06/07/2023,-0.6,-0.131,-0.092
07/07/2023,2.088,1.188,1.806
10/07/2023,0.799,1.611,2.137
11/07/2023,0.76,1.475,0.061
12/07/2023,0.393,0.585,0.808
13/07/2023,0.444,1.613,1.441
14/07/2023,-1.106,-0.046,0.097
17/07/2023,0.605,-0.162,0.117
18/07/2023,1.621,1.758,2.17
19/07/2023,0.687,1.003,0.907
20/07/2023,2.82,2.198,1.99
21/07/2023,-0.094,-0.349,0.173
24/07/2023,-0.028,0.22,-0.352
25/07/2023,-1.323,-0.188,-0.33
26/07/2023,1.362,0.632,0.725
27/07/2023,0.075,0.185,-0.713
28/07/2023,1.105,0.704,0.678
31/07/2023,-0.2,-0.657,-0.887
01/08/2023,0.873,1.127,-0.101
02/08/2023,-0.892,-1.41,-0.859
03/08/2023,1.315,0.37,1.841
04/08/2023,1.605,0.935,1.215
07/08/2023,1.582,1.086,1.592
08/08/2023,1.301,0.675,0
09/08/2023,1.41,1.274,1.319
10/08/2023,0.913,0.37,0.72
11/08/2023,-0.456,-0.437,-0.159
14/08/2023,1.466,0.105,0.031
15/08/2023,-0.963,-1.091,-1.68
16/08/2023,-0.752,-1.062,-0.605
17/08/2023,-0.591,-0.978,-1.105
18/08/2023,-0.646,-0.647,-0.327
21/08/2023,1.771,1.817,1.368
22/08/2023,-0.572,-1.198,-0.956
23/08/2023,-0.82,-0.223,0.448
24/08/2023,-1.114,-1.7,-0.642
25/08/2023,0.011,0.593,0.442
28/08/2023,-0.249,0.158,0.299
29/08/2023,-0.334,0.303,0.394
30/08/2023,-0.587,-0.768,-0.236
31/08/2023,1.351,1.063,0.544
01/09/2023,0.984,1.603,0.862
04/09/2023,0.313,0.577,0.716
05/09/2023,-0.523,0.461,0.688
06/09/2023,0.762,0.835,1.104
07/09/2023,0.552,-0.429,0.136
08/09/2023,1.68,0.134,0.804
11/09/2023,0.678,-0.014,0.361
12/09/2023,0.979,-0.752,-0.273
13/09/2023,0.494,0.334,0.696
14/09/2023,0.45,1.843,1.034
15/09/2023,1.078,1.841,1.69
18/09/2023,0.324,1.27,0.984
19/09/2023,-1.054,-0.097,-0.075
20/09/2023,-0.342,-1.061,-0.241
21/09/2023,-1.462,-1.374,-1.258
22/09/2023,0.198,0.17,0.967
25/09/2023,0.669,1.105,1.683
26/09/2023,-0.616,-0.5,-0.069
27/09/2023,0.517,-0.424,-0.081
28/09/2023,0.232,-1.805,-0.689
29/09/2023,0.603,-0.136,0.009
02/10/2023,-1.405,-1.825,-1.723
03/10/2023,1.077,0.12,0.735
04/10/2023,1.016,0.691,-0.009
05/10/2023,0.003,-0.37,0.484
06/10/2023,0.641,1.464,0.725
09/10/2023,1.312,0.317,1.405
10/10/2023,0.543,-0.317,0.13
11/10/2023,0.177,0.491,0.096
12/10/2023,-28.022,-20.885,-23.676
13/10/2023,-2.522,-2.075,-2.388
16/10/2023,0.68,0.504,1.016
17/10/2023,1.132,1.141,1.205
18/10/2023,0.655,0.976,0.853
19/10/2023,1.261,1.129,0.689
20/10/2023,0.463,-1.2,-0.99
23/10/2023,-0.393,-0.13,0.225
24/10/2023,1.535,1.524,1.026
25/10/2023,-0.16,0.522,0.562
26/10/2023,0.894,0.815,0.518
27/10/2023,0.486,0.583,0.026
30/10/2023,0.751,-0.366,-0.349
31/10/2023,0.114,-1.132,-1.282
01/11/2023,1.335,1.235,0.866
02/11/2023,-0.996,-0.943,-1.516
03/11/2023,1.371,0.681,0.582
06/11/2023,0.821,0.067,0.091
07/11/2023,0.138,0.135,0.394
08/11/2023,-0.289,-0.353,-0.317
09/11/2023,-0.151,0.862,0.612
10/11/2023,-1.493,-0.638,-1.245
13/11/2023,0.728,0.341,0.564
14/11/2023,0.007,0.589,0.477
15/11/2023,1.212,1.277,1.55
16/11/2023,0.325,1.224,1.747
17/11/2023,1.332,0.532,0.649
20/11/2023,0.511,0.417,-0.076
21/11/2023,0.069,0.303,-0.537
22/11/2023,-0.055,0.107,-0.075
23/11/2023,1.418,0.394,1.035
24/11/2023,-0.281,-0.042,-1.064
27/11/2023,-1.156,-1.191,-1.599
28/11/2023,0.409,-0.461,-0.309
29/11/2023,-0.084,-0.903,-1.037
30/11/2023,1.296,0.719,-0.398
01/12/2023,-0.458,0.454,-0.151
04/12/2023,0.252,0.497,0.199
05/12/2023,1.659,0.075,1.531
06/12/2023,1.8,0.648,1.004
07/12/2023,0.333,0.349,-0.013
08/12/2023,-0.425,-0.372,-0.714
11/12/2023,0.951,1.643,0.431
12/12/2023,-0.014,0.906,0.194
13/12/2023,-0.37,-1.085,-0.775
14/12/2023,1.045,-0.53,0.345
15/12/2023,-0.086,0.857,0.682
18/12/2023,-0.616,-0.252,-0.296
19/12/2023,0.563,0.918,-0.49
20/12/2023,0.921,0.38,0.073
21/12/2023,-0.106,0.295,0.285
22/12/2023,-0.369,0.164,0.685
25/12/2023,-0.78,-0.438,-0.287
26/12/2023,0.247,-0.091,-0.876
27/12/2023,-0.493,-0.255,-0.541
28/12/2023,-1.595,-2,-2.006
29/12/2023,2.281,1.501,0.986
01/01/2024,0.874,1.025,1.572
02/01/2024,-0.475,-0.304,-0.062
03/01/2024,0.647,0.543,0.685
04/01/2024,0.102,-0.622,-0.159
05/01/2024,0.738,0.186,0.429
08/01/2024,0.829,1.015,0.949
09/01/2024,-0.244,0.155,-0.717
10/01/2024,0.129,0.02,0.062
11/01/2024,0.195,-0.727,-0.761
12/01/2024,0.059,0.666,0.731
15/01/2024,-0.916,-0.914,-1.036
16/01/2024,-0.801,-1.349,-0.95
17/01/2024,1.281,1,0.593
18/01/2024,1.134,1.382,0.913
19/01/2024,-0.088,0.956,0.767
22/01/2024,-1.407,-0.196,-0.14
23/01/2024,0.81,0.287,0.487
24/01/2024,0.197,0.217,0.746
25/01/2024,1.231,0.901,1.443
26/01/2024,0.926,-0.791,-0.417
29/01/2024,-0.556,-0.827,-0.069
30/01/2024,-0.099,-0.032,0.552
31/01/2024,0.095,1.079,0.618
01/02/2024,0.186,-0.832,-0.433
02/02/2024,-1.216,-0.511,-1.156
05/02/2024,0.404,0.54,0.356
06/02/2024,-0.391,-0.082,-0.164
07/02/2024,-0.148,0.516,0.252
08/02/2024,0.248,0.457,0.266
09/02/2024,-0.267,-0.031,0.413
12/02/2024,0.346,0.754,1.957
13/02/2024,0.265,1.209,1.466
14/02/2024,1.4,1.552,2.409
15/02/2024,0.829,2.553,1.152
16/02/2024,0.142,-0.65,-0.665
19/02/2024,0.035,-1.149,0.201
20/02/2024,-0.624,0.87,0.027
21/02/2024,0.411,0.679,0.345
22/02/2024,0.015,-0.967,-0.638
23/02/2024,-0.455,-0.673,-0.621
26/02/2024,-0.838,-1.037,-0.039
27/02/2024,0.927,1.355,1.215
28/02/2024,0.545,-0.307,0.048
29/02/2024,1.672,0.935,1.453
01/03/2024,1.758,2.023,1.033
04/03/2024,0.446,0.992,1.094
05/03/2024,-0.459,0.222,0.329
06/03/2024,1.444,1.598,1.063
07/03/2024,0.628,0.187,0.505
08/03/2024,-0.691,-0.975,-0.581
11/03/2024,0.288,0.379,0.566
12/03/2024,-0.517,0.617,0.41
13/03/2024,-0.287,0.463,-0.52
14/03/2024,-0.521,-1.009,-1.061
15/03/2024,0.417,0.844,1.393
18/03/2024,-0.23,0.27,0.409
19/03/2024,1.016,-0.139,0.885
20/03/2024,0.699,1.368,-0.016
21/03/2024,0.749,1.861,1.365
22/03/2024,0.135,1.03,0.456
25/03/2024,0.144,-0.064,-0.881
26/03/2024,-0.47,0.348,0.373
27/03/2024,-0.61,0.086,-0.654
28/03/2024,-0.554,0.995,0.458
29/03/2024,0.917,0.717,0.272
01/04/2024,0.262,1.416,0.451
02/04/2024,1.579,1.073,0.828
03/04/2024,0.171,0.639,-0.28
04/04/2024,0.589,0.349,-0.163
05/04/2024,-0.793,-0.384,-0.735
08/04/2024,-0.575,-0.105,-0.287
09/04/2024,0.496,0.699,-0.66
10/04/2024,1.755,1.424,1.84
11/04/2024,0.666,0.775,0.944
12/04/2024,-0.901,0.629,-0.467
15/04/2024,0.44,-0.173,1.258
16/04/2024,-0.342,0.67,0.568
17/04/2024,-0.47,-0.549,-0.929
18/04/2024,-0.007,-0.577,-0.768
19/04/2024,0.086,-0.774,0.037
22/04/2024,-0.045,0.079,0.675
23/04/2024,1.368,1.46,0.767
24/04/2024,-0.686,-0.662,-0.199
25/04/2024,-0.908,-0.168,0.285
26/04/2024,-0.628,-1.316,-1.488
29/04/2024,0.664,0.597,0.115
30/04/2024,-0.343,-0.394,-1.738
01/05/2024,-0.234,-0.067,-0.302
02/05/2024,0.687,0.001,0.867
03/05/2024,-0.06,0.201,0.023
06/05/2024,-0.064,0.439,0.365
07/05/2024,0.334,-0.888,0.052
08/05/2024,1.227,0.696,0.418
09/05/2024,-0.351,-0.033,-0.623
10/05/2024,-0.845,1.229,-0.537
13/05/2024,0.249,0.358,0.076
14/05/2024,0.809,1.647,1.389
15/05/2024,-0.203,-0.214,0.323
16/05/2024,-0.379,-0.027,-0.29
17/05/2024,0.958,1.129,1.572
20/05/2024,0.388,-0.696,-0.376
21/05/2024,-0.751,-0.931,-0.063
22/05/2024,0.35,-0.398,0.613
23/05/2024,0.227,0.029,0.696
24/05/2024,-0.463,0.119,1
27/05/2024,0.519,0.373,1.141
28/05/2024,0.078,0.79,0.56
29/05/2024,1.209,1.562,1.586
30/05/2024,-0.361,0.661,1.063
31/05/2024,0.566,-0.327,-0.167
03/06/2024,1.113,1.021,0.87
04/06/2024,1.564,0.753,0.795
05/06/2024,2.41,1.369,1.536
06/06/2024,-0.186,0.984,1.359
07/06/2024,0.967,1.13,1.566
10/06/2024,0.207,0.429,-0.496
11/06/2024,1.114,0.923,0.459
12/06/2024,0.244,-0.366,0.295
13/06/2024,1.828,0.198,1.181
14/06/2024,0.476,-0.625,0.942
17/06/2024,1.506,1.886,0.631
18/06/2024,0.3,0.03,-0.023
19/06/2024,-0.181,1.244,0.889
20/06/2024,-1.082,-0.768,-0.592
21/06/2024,1.52,1.322,1.171
24/06/2024,0.374,0.944,0.539
25/06/2024,-0.544,0.523,-0.14
26/06/2024,-0.512,0.195,0.63
27/06/2024,0.553,1.298,0.581
28/06/2024,-0.811,-1.323,-1.534
01/07/2024,-0.508,-0.772,-0.677
02/07/2024,0.104,0.681,0.521
03/07/2024,1.157,0.26,0.031
04/07/2024,-0.903,-1.126,-1.033
05/07/2024,-0.67,-0.353,-0.007
08/07/2024,1.766,2.635,1.914
09/07/2024,0.909,1.163,1.191
10/07/2024,0.087,-0.022,-0.29
11/07/2024,-0.176,-0.356,0.105
12/07/2024,-0.21,-0.224,-0.62
15/07/2024,0.642,1.096,0.726
16/07/2024,0.369,-0.062,-0.006
17/07/2024,0.375,0.266,0.025
18/07/2024,0.519,1.783,0.894
19/07/2024,-0.588,0.064,-0.402
22/07/2024,0.248,-0.037,-0.642
23/07/2024,0.216,-0.608,-0.999
24/07/2024,1.107,0.329,0.391
25/07/2024,1.349,2.244,1.759
26/07/2024,0.932,1.201,1
29/07/2024,-1.153,-1.017,-0.515
30/07/2024,-0.294,-1.56,-0.845
31/07/2024,1.539,1.132,1.8
01/08/2024,0.921,-0.4,0.618
02/08/2024,0.097,-0.848,-0.306
05/08/2024,1.527,2.017,2.367
06/08/2024,0.691,1.033,0.549
07/08/2024,-0.315,-1.575,-1.562
08/08/2024,-0.2,0.1,0.332
09/08/2024,0.241,-0.457,-0.139
12/08/2024,-1.8,-1.415,-2.386
13/08/2024,-0.013,1.102,-0.056
14/08/2024,0.523,1.443,0.51
15/08/2024,-0.266,0.041,-0.262
16/08/2024,-0.728,-0.286,-0.516
19/08/2024,-0.732,0.933,-0.905
20/08/2024,-0.029,-0.528,0.621
21/08/2024,0.391,-0.194,-0.026
22/08/2024,0.878,-0.088,-0.905
23/08/2024,1.036,-0.686,0.001
26/08/2024,-1.065,-1.02,-1.145
27/08/2024,-0.443,1.14,-0.026
28/08/2024,1.319,0.864,1.342
29/08/2024,0.502,-0.054,-0.103
30/08/2024,-0.593,-0.7,-0.613
02/09/2024,0.739,0.268,0.021
03/09/2024,-0.615,0.083,-0.774
04/09/2024,-0.509,-0.267,-0.593
05/09/2024,-0.645,-0.23,-0.451
06/09/2024,-0.502,-1.929,-0.506
09/09/2024,0.775,-0.02,-0.161
10/09/2024,-0.065,1.165,1.553
11/09/2024,0.926,1.187,0.576
12/09/2024,-0.255,0.177,-0.799
13/09/2024,-0.611,0.31,-0.485
16/09/2024,1.013,2.331,1.767
17/09/2024,1.14,2.396,1.961
18/09/2024,1.033,-0.21,1.067
19/09/2024,0.949,0.683,1.222
20/09/2024,0.119,1.121,0.843
23/09/2024,0.07,0.435,0.532
24/09/2024,0.175,0.966,0.762
25/09/2024,-0.596,0.149,0.327
26/09/2024,1.205,1.844,1.566
27/09/2024,0.214,0.351,1.095
30/09/2024,1.772,0.268,1.071
01/10/2024,0.383,-0.253,1.322
02/10/2024,0.441,1.316,0.655
03/10/2024,-0.439,0.69,0.203
04/10/2024,-0.902,-0.959,-1.187
07/10/2024,1.021,0.546,0.172
08/10/2024,-0.334,-1.942,-1.222
09/10/2024,0.414,-0.334,0.492
10/10/2024,0.782,1.334,0.392
11/10/2024,0.509,0.015,-0.587
14/10/2024,0.272,1.204,0.337
15/10/2024,-0.209,0.266,0.027
16/10/2024,1.604,1.813,1.446
17/10/2024,0.78,0.836,0.869
18/10/2024,-0.073,0.712,1.413
21/10/2024,0.352,0.455,0.96
22/10/2024,-2.662,-2.109,-2.025
23/10/2024,0.434,0.817,0.284
24/10/2024,1.195,1.547,0.66
25/10/2024,-0.285,-0.414,-0.147
28/10/2024,0.285,0.519,0.552
29/10/2024,1.05,1.555,0.898
30/10/2024,-0.046,1.26,1.384
31/10/2024,0.935,0.013,0.948
01/11/2024,0.301,0.933,1.897
04/11/2024,-1.136,-1.123,-0.923
05/11/2024,0.81,0.456,0.195
06/11/2024,1.26,2.269,1.755
07/11/2024,1.191,1.484,0.795
08/11/2024,1.092,0.641,0.794
11/11/2024,0.559,0.015,0.45
12/11/2024,-0.922,-0.842,-1.094
13/11/2024,0.863,1.093,1.473
14/11/2024,0.01,-0.752,-1.346
15/11/2024,-1.336,-0.252,-0.393
18/11/2024,0.69,0.416,-0.112
19/11/2024,-1.198,-0.226,-1.138
20/11/2024,0.098,1.404,0.855
21/11/2024,-0.008,-1.957,-1.275
22/11/2024,-0.422,-1.011,-0.611
25/11/2024,0.281,0.341,0.47
26/11/2024,0.683,0.646,0.521
27/11/2024,-0.77,-0.094,-0.318
28/11/2024,-0.737,-1.786,-0.791
29/11/2024,0.105,-0.312,0.346
02/12/2024,-1.51,-0.245,-1.332
03/12/2024,-0.817,-0.595,-1.055
04/12/2024,1.044,1.699,0.615
05/12/2024,-1.214,-1.28,-1.294
06/12/2024,-0.157,-0.889,-0.18
09/12/2024,-0.814,-0.507,-0.795
10/12/2024,-0.456,-0.234,-0.284
11/12/2024,0.494,0.055,-0.903
12/12/2024,-0.576,-0.589,-0.312
13/12/2024,0.213,-1.202,-0.088
16/12/2024,-0.337,-1.637,-0.931
17/12/2024,0.358,-0.305,0.352
18/12/2024,0.653,0.189,0.324
19/12/2024,1.414,0.396,0.887
20/12/2024,-1.727,-0.755,-1.33
23/12/2024,0.496,-0.316,0.109
24/12/2024,-0.478,0.332,-0.512
25/12/2024,-0.469,0.562,-0.176
26/12/2024,-0.782,-0.337,0.292
27/12/2024,-1.199,-0.14,-0.877
30/12/2024,1.064,2.026,1.952
31/12/2024,1.003,0.831,0.123
01/01/2025,-0.625,-0.245,-0.436
02/01/2025,-0.339,0.74,-0.08
03/01/2025,-0.551,-0.936,-0.395
06/01/2025,0.208,0.176,-0.626
07/01/2025,-0.016,-0.148,0.814
08/01/2025,0.357,-0.78,0.005
09/01/2025,0.629,0.539,0.651
10/01/2025,0.701,0.891,0.707
13/01/2025,-1.431,-0.455,-0.234
14/01/2025,0.038,1.066,1.313
15/01/2025,0.115,-0.894,-0.165
16/01/2025,-0.849,-1.665,-1.399
17/01/2025,0.409,-0.38,-0.472
20/01/2025,0.763,1.027,-0.199
21/01/2025,-0.523,0.577,0.166
22/01/2025,-0.887,-0.445,0.224
23/01/2025,1.388,0.721,1.318
24/01/2025,2.599,0.808,1.367
27/01/2025,0.393,1.259,0.734
28/01/2025,0.222,0.335,0.197
29/01/2025,-0.15,0.074,-1.012
30/01/2025,-0.603,0.999,0.478
31/01/2025,0.776,0.798,1.382
03/02/2025,1.526,0.838,0.877
04/02/2025,-0.958,-0.716,-1.326
05/02/2025,-0.655,-0.316,-0.865
06/02/2025,0.129,0.326,0.976
07/02/2025,1.393,1.515,1.777
10/02/2025,0.924,-0.145,0.14
11/02/2025,0.61,0.193,0.366
12/02/2025,0.761,0.256,0.059
13/02/2025,0.311,0.553,1.006
14/02/2025,2.438,2.253,2.337
17/02/2025,1.545,1.265,1.564
18/02/2025,-1.188,0.284,0.358
19/02/2025,0.587,0.204,0.839
20/02/2025,1.188,0.758,0.713
21/02/2025,2.28,1.676,1.538
24/02/2025,0.958,1.359,1.22
25/02/2025,0.835,0.434,-0.022
26/02/2025,0.389,0.356,1.314
27/02/2025,1.014,0.074,0.423
28/02/2025,0.538,0.735,0.476
03/03/2025,0.144,-0.992,-0.341
04/03/2025,-0.798,-0.308,-0.658
05/03/2025,0.683,0.672,0.521
06/03/2025,-0.638,0.022,-0.363
07/03/2025,-1.272,-0.311,0.304
10/03/2025,-0.444,0.926,0.47
11/03/2025,-0.026,0.113,0.607
12/03/2025,-0.363,-0.698,-0.39
13/03/2025,1.13,0.091,-0.346
14/03/2025,0.156,-0.141,0.32
17/03/2025,0.112,1.308,0.934
18/03/2025,0.878,0.035,-0.352
19/03/2025,0.574,-1.197,-0.852
20/03/2025,1.008,1.151,0.976
21/03/2025,-0.652,-0.278,0.442
24/03/2025,0.218,1.437,1.655
25/03/2025,1.293,1.515,3.024
26/03/2025,-0.201,0.618,0.352
27/03/2025,0.274,0.199,0.399
28/03/2025,1.685,0.405,0.913
31/03/2025,-0.586,-0.324,0.252
01/04/2025,0.514,0.307,-0.147
02/04/2025,1.27,0.74,0.673
03/04/2025,0.487,0.917,1.063
04/04/2025,0.551,0.66,0.53
07/04/2025,1.079,2.076,1.852
08/04/2025,1.021,0.378,1.149
09/04/2025,0.379,-1.142,-0.509
10/04/2025,-0.707,-0.65,0.515
11/04/2025,-1.216,-1.584,-1.084
14/04/2025,-0.926,-0.757,-1.25
15/04/2025,-0.436,-0.679,-0.547
16/04/2025,-0.173,1.108,0.645
17/04/2025,-0.657,-0.557,0.147
18/04/2025,0.179,1.083,0.804
21/04/2025,0.802,0.536,0.101
22/04/2025,0.024,-1.516,-0.885
23/04/2025,-1.206,-0.97,-0.516
24/04/2025,-0.194,-0.86,-0.559
25/04/2025,1.945,2.626,2.042
28/04/2025,1.189,1.376,0.951
29/04/2025,0.478,1.431,0.64
30/04/2025,-0.864,-0.312,-0.849
01/05/2025,0.55,0.312,0.533
02/05/2025,2.513,1.808,2.808
05/05/2025,0.803,1.576,1.037
06/05/2025,1.058,1.213,0.097
07/05/2025,1.764,0.94,0.669
08/05/2025,-0.031,-0.323,-1.129
09/05/2025,-0.085,-0.235,-0.503
12/05/2025,0.248,-0.131,0.309
13/05/2025,-0.332,-0.601,-1.246
14/05/2025,1.632,-0.364,0.592
15/05/2025,-0.748,-2.015,-1.367
16/05/2025,-0.028,-0.108,-0.86
19/05/2025,0.686,-0.192,-0.29
20/05/2025,0.372,-0.201,-0.514
21/05/2025,0.274,0.932,0.241
22/05/2025,0.613,1.231,1.661
23/05/2025,0.858,1.07,0.68
26/05/2025,-0.238,-1.316,-0.555
27/05/2025,0.029,0.183,-0.418
28/05/2025,-1.406,-1.1,-0.916
29/05/2025,-1.023,-0.846,-0.35
30/05/2025,0.274,-0.858,-0.485
02/06/2025,0.905,1.227,1.202
03/06/2025,0.131,0.616,-0.599
04/06/2025,0.827,-0.707,-0.094
05/06/2025,-0.026,-0.519,-0.254
06/06/2025,-0.268,-0.548,-0.652
09/06/2025,0.41,0.488,0.635
10/06/2025,0.458,0.227,0.477
11/06/2025,0.144,-0.853,-0.493
12/06/2025,0.931,1.234,1.094
13/06/2025,2.068,1.405,1.5
16/06/2025,0.894,-0.256,-0.197
17/06/2025,-0.337,-0.181,-0.446
18/06/2025,1.487,0.424,0.743
19/06/2025,-0.977,-0.128,0.096
20/06/2025,-0.566,-0.846,-0.833
23/06/2025,0.948,-0.375,-0.823
24/06/2025,-0.489,-0.243,-0.523
25/06/2025,0.062,0.568,0.311
26/06/2025,1.588,1.079,0.37
27/06/2025,-0.044,0.124,-0.61
30/06/2025,-0.534,0.703,0.154
01/07/2025,1.508,1.331,0.879
02/07/2025,0.873,0.719,0.299
03/07/2025,-0.355,0.368,0.51
04/07/2025,-0.005,-2.05,-1.137
07/07/2025,-1.132,-0.341,0.026
08/07/2025,-0.657,-0.549,0.016
09/07/2025,-0.021,0.393,0.642
10/07/2025,1.335,0.779,0.475
11/07/2025,0.651,1.093,1.19
14/07/2025,0.195,1.114,0.555
15/07/2025,0.125,1.194,0.106
16/07/2025,-1.652,-0.924,-1.543
17/07/2025,-0.085,0.111,0.312
18/07/2025,-0.467,-0.251,-0.868
21/07/2025,-0.884,-1.085,-0.198
22/07/2025,1.711,1.441,2.468
23/07/2025,0.326,0.405,0.685
24/07/2025,0.6,1.002,0.604
25/07/2025,1.141,0.143,0.796
28/07/2025,0.748,0.156,-0.001
29/07/2025,0.524,0.808,0.657
30/07/2025,0.853,1.335,0.805
31/07/2025,-2.318,-0.551,-1.24
01/08/2025,-1.225,-1.284,-1.012
04/08/2025,0.298,0.81,-0.522
05/08/2025,-0.072,0.372,-0.339
06/08/2025,0.98,-0.335,1.263
07/08/2025,-0.029,0.069,-0.439
08/08/2025,0.439,-0.791,-0.507
11/08/2025,1.978,1.612,2.247
12/08/2025,1.425,1.322,1.571
13/08/2025,0.037,0.57,0.891
14/08/2025,0.183,1.45,-0.029
15/08/2025,-0.394,-0.72,-0.765
18/08/2025,0.466,0.863,0.032
19/08/2025,-0.165,1.379,0.305
20/08/2025,0.48,0.219,0.222
21/08/2025,0,-0.958,-0.039
22/08/2025,0.071,0.029,-0.384
25/08/2025,0.099,-1.065,-0.558
26/08/2025,-1.677,-0.873,-1.683
27/08/2025,-0.482,-0.744,-0.072
28/08/2025,-0.142,0.602,0.209
29/08/2025,0.552,1.341,1.584
01/09/2025,-0.09,-0.15,-0.875
02/09/2025,-0.11,0.538,0.714
03/09/2025,0.123,0.826,0.612
04/09/2025,1.378,0.532,0.482
05/09/2025,0.444,1.861,1.327
08/09/2025,-0.06,1.071,1.206
09/09/2025,-0.343,-0.494,0.188
10/09/2025,-0.516,-0.083,-0.718
11/09/2025,-0.312,-0.554,-0.475
12/09/2025,1.204,0.743,0.494
15/09/2025,1.119,0.132,0.157
16/09/2025,0.919,1.421,1.71
17/09/2025,0.17,0.377,0.072
18/09/2025,-0.279,0.235,0.033
19/09/2025,0.337,0.977,0.438
22/09/2025,0.529,0.608,0.6
23/09/2025,2.595,3.487,2.949
24/09/2025,-1.011,-0.508,-0.585
25/09/2025,-1.618,-0.689,-0.854
26/09/2025,0.642,1.2,0.526
29/09/2025,1.784,-0.172,0.92
30/09/2025,-0.239,-0.543,-1.211
01/10/2025,0.445,-0.433,-0.731
02/10/2025,-0.283,-1.175,-0.002
03/10/2025,0.1,1,0.462
06/10/2025,-1.097,0.262,-1.22
07/10/2025,-0.009,0.352,0.172
08/10/2025,-0.554,0.076,-1.08
09/10/2025,-1.507,-0.851,-1.732
10/10/2025,-0.845,-0.712,-0.686
13/10/2025,0.32,-0.581,-0.424
14/10/2025,-1.702,-0.509,-0.675
15/10/2025,1.028,0.42,0.642
16/10/2025,0.94,0.242,1.009
17/10/2025,-0.496,0.11,-0.268
20/10/2025,0.225,0.204,0.478
21/10/2025,1.746,1.72,1.59
22/10/2025,0.65,1.118,0.816
23/10/2025,2.686,3.384,2.505
24/10/2025,-0.438,0.139,-0.196
27/10/2025,-0.624,-1.41,-0.665
28/10/2025,0.665,0.216,0.227
29/10/2025,0.317,-0.113,-0.221
30/10/2025,-0.912,-0.946,-0.683
31/10/2025,-0.464,-1.087,-1.622
03/11/2025,0.067,-0.731,-0.128
04/11/2025,0.79,1.023,1.444
05/11/2025,0.548,0.825,1.482
06/11/2025,0.036,0.524,0.026
07/11/2025,-0.371,0.536,0.126
10/11/2025,0.201,-0.793,0.029
11/11/2025,1.206,0.283,0.461
12/11/2025,0.946,1.037,1.675
13/11/2025,-0.084,-0.084,0.684
14/11/2025,0.953,1.981,0.826
17/11/2025,-0.149,-0.264,0.461
18/11/2025,-0.228,-0.019,-0.167
19/11/2025,-0.689,0.159,1.157
20/11/2025,-0.252,-0.385,0.089
21/11/2025,-0.256,-0.163,-0.558
24/11/2025,-0.109,-0.358,-0.669
25/11/2025,-0.564,-1.148,-0.531
26/11/2025,-0.716,-0.828,-0.585
27/11/2025,-0.598,-0.186,-0.285
28/11/2025,-0.52,-0.113,0.818
01/12/2025,0.735,1.546,2.015
02/12/2025,-1.097,-0.279,-0.18
03/12/2025,-0.905,-1.351,0.151
04/12/2025,1.575,1.031,1.824
05/12/2025,-0.394,-0.402,-0.386
08/12/2025,-0.119,-0.755,-0.178
09/12/2025,-0.976,-0.274,-0.683
10/12/2025,0.289,0.488,0.947
11/12/2025,1.136,-0.611,0.131
12/12/2025,0.326,0.301,-0.096
